2.0000 2.0000 2.0000 2.0000 2.0000 2.0000 2.0000 2.0000 2.0000 2.0000 2.0000 2.0000 2.0000 2.0000 2.0000 2.0000 2.0000 2.0000 2.0000 2.0000 2.0000 2.0000 2.0000 2.0000 2.0000 2.0000 2.0000 2.0000 2.0000 2.0000 2.0000 2.0000 2.0000 2.0000 2.0000 2.0000 2.0000 2.0000 2.0000 2.0000 2.0000 2.0000 2.0000 2.0000 2.0000 2.0000 2.0000 2.0000 2.0000 2.0000 2.0000 2.0000 2.0000 2.0000 2.0000 2.0000 2.0000 2.0000 2.0000 2.0000 2.0000 2.0000 2.0000 2.0000 2.0000 2.0000 2.0000 2.0000 2.0000 2.0000 2.0000 2.0000 2.0000 2.0000 2.0000 2.0000 2.0000 2.0000 2.0000 2.0000 2.0000 2.0000 2.0000 2.0000 2.0000 2.0000 2.0000 2.0000 2.0000 2.0000 2.0000 2.0000 2.0000 2.0000 2.0000 2.0000 2.0000 2.0000 2.0000 2.0000 2.0000 2.0000 2.0000 2.0000 2.0000 2.0000 2.0000 2.0000 2.0000 2.0000 2.0000 2.0000
2.0000 2.0000 2.0000 2.0000 2.0000 2.0000 2.0000 2.0000 2.0000 2.0000 2.0000 2.0000 2.0000 2.0000 2.0000 2.0000 2.0000 2.0000 2.0000 2.0000 2.0000 2.0000 2.0000 2.0000 2.0000 2.0000 2.0000 2.0000 2.0000 2.0000 2.0000 2.0000 2.0000 2.0000 2.0000 2.0000 2.0000 2.0000 2.0000 2.0000 2.0000 2.0000 2.0000 2.0000 2.0000 2.0000 2.0000 2.0000 2.0000 2.0000 2.0000 2.0000 2.0000 2.0000 2.0000 2.0000 2.0000 2.0000 2.0000 2.0000 2.0000 2.0000 2.0000 2.0000 2.0000 2.0000 2.0000 2.0000 2.0000 2.0000 2.0000 2.0000 2.0000 2.0000 2.0000 2.0000 2.0000 2.0000 2.0000 2.0000 2.0000 2.0000 2.0000 2.0000 2.0000 2.0000 2.0000 2.0000 2.0000 2.0000 2.0000 2.0000 2.0000 2.0000 2.0000 2.0000 2.0000 2.0000 2.0000 2.0000 2.0000 2.0000 2.0000 2.0000 2.0000 2.0000 2.0000 2.0000 2.0000 2.0000 2.0000 2.0000
2.0000 2.0000 2.0000 2.0000 2.0000 2.0000 2.0000 2.0000 2.0000 2.0000 2.0000 2.0000 2.0000 2.0000 2.0000 2.0000 2.0000 2.0000 2.0000 2.0000 2.0000 2.0000 2.0000 2.0000 2.0000 2.0000 2.0000 2.0000 2.0000 2.0000 2.0000 2.0000 2.0000 2.0000 2.0000 2.0000 2.0000 2.0000 2.0000 2.0000 2.0000 2.0000 2.0000 2.0000 2.0000 2.0000 2.0000 2.0000 2.0000 2.0000 2.0000 2.0000 2.0000 2.0000 2.0000 2.0000 2.0000 2.0000 2.0000 2.0000 2.0000 2.0000 2.0000 2.0000 2.0000 2.0000 2.0000 2.0000 2.0000 2.0000 2.0000 2.0000 2.0000 2.0000 2.0000 2.0000 2.0000 2.0000 2.0000 2.0000 2.0000 2.0000 2.0000 2.0000 2.0000 2.0000 2.0000 2.0000 2.0000 2.0000 2.0000 2.0000 2.0000 2.0000 2.0000 2.0000 2.0000 2.0000 2.0000 2.0000 2.0000 2.0000 2.0000 2.0000 2.0000 2.0000 2.0000 2.0000 2.0000 2.0000 2.0000 2.0000
2.0000 2.0000 2.0000 2.0000 2.0000 2.0000 2.0000 2.0000 2.0000 2.0000 2.0000 2.0000 2.0000 2.0000 2.0000 2.0000 2.0000 2.0000 2.0000 2.0000 2.0000 2.0000 2.0000 2.0000 2.0000 2.0000 2.0000 2.0000 2.0000 2.0000 2.0000 2.0000 2.0000 2.0000 2.0000 2.0000 2.0000 2.0000 2.0000 2.0000 2.0000 2.0000 2.0000 2.0000 2.0000 2.0000 2.0000 2.0000 2.0000 2.0000 2.0000 2.0000 2.0000 2.0000 2.0000 2.0000 2.0000 2.0000 2.0000 2.0000 2.0000 2.0000 2.0000 2.0000 2.0000 2.0000 2.0000 2.0000 2.0000 2.0000 2.0000 2.0000 2.0000 2.0000 2.0000 2.0000 2.0000 2.0000 2.0000 2.0000 2.0000 2.0000 2.0000 2.0000 2.0000 2.0000 2.0000 2.0000 2.0000 2.0000 2.0000 2.0000 2.0000 2.0000 2.0000 2.0000 2.0000 2.0000 2.0000 2.0000 2.0000 2.0000 2.0000 2.0000 2.0000 2.0000 2.0000 2.0000 2.0000 2.0000 2.0000 2.0000
2.0000 2.0000 2.0000 2.0000 2.0000 2.0000 2.0000 2.0000 2.0000 2.0000 2.0000 2.0000 2.0000 2.0000 2.0000 2.0000 2.0000 2.0000 2.0000 2.0000 2.0000 2.0000 2.0000 2.0000 2.0000 2.0000 2.0000 2.0000 2.0000 2.0000 2.0000 2.0000 2.0000 2.0000 2.0000 2.0000 2.0000 2.0000 2.0000 2.0000 2.0000 2.0000 2.0000 2.0000 2.0000 2.0000 2.0000 2.0000 2.0000 2.0000 2.0000 2.0000 2.0000 2.0000 2.0000 2.0000 2.0000 2.0000 2.0000 2.0000 2.0000 2.0000 2.0000 2.0000 2.0000 2.0000 2.0000 2.0000 2.0000 2.0000 2.0000 2.0000 2.0000 2.0000 2.0000 2.0000 2.0000 2.0000 2.0000 2.0000 2.0000 2.0000 2.0000 2.0000 2.0000 2.0000 2.0000 2.0000 2.0000 2.0000 2.0000 2.0000 2.0000 2.0000 2.0000 2.0000 2.0000 2.0000 2.0000 2.0000 2.0000 2.0000 2.0000 2.0000 2.0000 2.0000 2.0000 2.0000 2.0000 2.0000 2.0000 2.0000
2.0000 2.0000 2.0000 2.0000 2.0000 2.0000 2.0000 2.0000 2.0000 2.0000 2.0000 2.0000 2.0000 2.0000 2.0000 2.0000 2.0000 2.0000 2.0000 2.0000 2.0000 2.0000 2.0000 2.0000 2.0000 2.0000 2.0000 2.0000 2.0000 2.0000 2.0000 2.0000 2.0000 2.0000 2.0000 2.0000 2.0000 2.0000 2.0000 2.0000 2.0000 2.0000 2.0000 2.0000 2.0000 2.0000 2.0001 2.0003 2.0004 2.0003 2.0001 2.0000 2.0000 2.0000 2.0000 2.0000 2.0000 2.0000 2.0000 2.0000 2.0000 2.0001 2.0003 2.0004 2.0003 2.0001 2.0000 2.0000 2.0000 2.0000 2.0000 2.0000 2.0000 2.0000 2.0000 2.0000 2.0000 2.0000 2.0000 2.0000 2.0000 2.0000 2.0000 2.0000 2.0000 2.0000 2.0000 2.0000 2.0000 2.0000 2.0000 2.0000 2.0000 2.0000 2.0000 2.0000 2.0000 2.0000 2.0000 2.0000 2.0000 2.0000 2.0000 2.0000 2.0000 2.0000 2.0000 2.0000 2.0000 2.0000 2.0000 2.0000
2.0000 2.0000 2.0000 2.0000 2.0000 2.0000 2.0000 2.0000 2.0000 2.0000 2.0000 2.0000 2.0000 2.0000 2.0000 2.0000 2.0000 2.0000 2.0000 2.0000 2.0000 2.0000 2.0000 2.0000 2.0000 2.0000 2.0000 2.0000 2.0000 2.0000 2.0000 2.0000 2.0000 2.0000 2.0000 2.0000 2.0000 2.0000 2.0000 2.0000 2.0000 2.0000 2.0000 2.0000 2.0010 2.0066 2.0187 2.0314 2.0369 2.0314 2.0187 2.0066 2.0010 2.0000 2.0000 2.0000 2.0000 2.0000 2.0001 2.0018 2.0091 2.0221 2.0337 2.0374 2.0337 2.0221 2.0091 2.0018 2.0001 2.0000 2.0000 2.0000 2.0000 2.0000 2.0000 2.0000 2.0000 2.0000 2.0000 2.0000 2.0000 2.0000 2.0000 2.0000 2.0000 2.0000 2.0000 2.0000 2.0000 2.0000 2.0000 2.0000 2.0000 2.0000 2.0000 2.0000 2.0000 2.0000 2.0000 2.0000 2.0000 2.0000 2.0000 2.0000 2.0000 2.0000 2.0000 2.0000 2.0000 2.0000 2.0000 2.0000
2.0000 2.0000 2.0000 2.0000 2.0000 2.0000 2.0000 2.0000 2.0000 2.0000 2.0000 2.0000 2.0000 2.0000 2.0000 2.0000 2.0000 2.0000 2.0000 2.0000 2.0000 2.0000 2.0000 2.0000 2.0000 2.0000 2.0000 2.0000 2.0000 2.0000 2.0000 2.0000 2.0000 2.0000 2.0000 2.0000 2.0000 2.0000 2.0000 2.0000 2.0000 2.0000 2.0004 2.0083 2.0429 2.1046 2.1718 2.2223 2.2410 2.2223 2.1718 2.1046 2.0429 2.0083 2.0004 2.0000 2.0000 2.0010 2.0138 2.0564 2.1218 2.1868 2.2304 2.2428 2.2304 2.1868 2.1218 2.0564 2.0138 2.0010 2.0000 2.0000 2.0000 2.0000 2.0000 2.0000 2.0000 2.0000 2.0000 2.0000 2.0000 2.0000 2.0000 2.0000 2.0000 2.0000 2.0000 2.0000 2.0000 2.0000 2.0000 2.0000 2.0000 2.0000 2.0000 2.0000 2.0000 2.0000 2.0000 2.0000 2.0000 2.0000 2.0000 2.0000 2.0000 2.0000 2.0000 2.0000 2.0000 2.0000 2.0000 2.0000
2.0000 2.0000 2.0000 2.0000 2.0000 2.0000 2.0000 2.0000 2.0000 2.0000 2.0000 2.0000 2.0000 2.0000 2.0000 2.0000 2.0000 2.0000 2.0000 2.0000 2.0000 2.0000 2.0000 2.0000 2.0000 2.0000 2.0000 2.0000 2.0000 2.0000 2.0000 2.0000 2.0000 2.0000 2.0000 2.0000 2.0000 2.0000 2.0000 2.0000 2.0000 2.0013 2.0199 2.0936 2.2223 2.3720 2.5082 2.6025 2.6361 2.6025 2.5082 2.3720 2.2223 2.0935 2.0187 2.0008 2.0021 2.0311 2.1218 2.2592 2.4086 2.5367 2.6171 2.6395 2.6171 2.5367 2.4086 2.2592 2.1218 2.0311 2.0021 2.0000 2.0000 2.0000 2.0000 2.0000 2.0000 2.0000 2.0000 2.0000 2.0000 2.0000 2.0000 2.0000 2.0000 2.0000 2.0000 2.0000 2.0000 2.0000 2.0000 2.0000 2.0000 2.0000 2.0000 2.0000 2.0000 2.0000 2.0000 2.0000 2.0000 2.0000 2.0000 2.0000 2.0000 2.0000 2.0000 2.0000 2.0000 2.0000 2.0000 2.0000
2.0000 2.0000 2.0000 2.0000 2.0000 2.0000 2.0000 2.0000 2.0000 2.0000 2.0000 2.0000 2.0000 2.0000 2.0000 2.0000 2.0000 2.0000 2.0000 2.0000 2.0000 2.0000 2.0000 2.0000 2.0000 2.0000 2.0000 2.0000 2.0000 2.0000 2.0000 2.0000 2.0000 2.0000 2.0000 2.0000 2.0000 2.0000 2.0000 2.0000 2.0021 2.0337 2.1351 2.3057 2.5386 2.7818 2.9904 3.1305 3.1798 3.1305 2.9904 2.7818 2.5386 2.3023 2.1171 2.0216 2.0341 2.1558 2.3583 2.6005 2.8387 3.0330 3.1519 3.1847 3.1519 3.0330 2.8387 2.6005 2.3583 2.1562 2.0359 2.0021 2.0000 2.0000 2.0000 2.0000 2.0000 2.0000 2.0000 2.0000 2.0000 2.0000 2.0000 2.0000 2.0000 2.0000 2.0000 2.0000 2.0000 2.0000 2.0000 2.0000 2.0000 2.0000 2.0000 2.0000 2.0000 2.0000 2.0000 2.0000 2.0000 2.0000 2.0000 2.0000 2.0000 2.0000 2.0000 2.0000 2.0000 2.0000 2.0000 2.0000
2.0000 2.0000 2.0000 2.0000 2.0000 2.0000 2.0000 2.0000 2.0000 2.0000 2.0000 2.0000 2.0000 2.0000 2.0000 2.0000 2.0000 2.0000 2.0000 2.0000 2.0000 2.0000 2.0000 2.0000 2.0000 2.0000 2.0000 2.0000 2.0000 2.0000 2.0000 2.0000 2.0000 2.0000 2.0000 2.0000 2.0000 2.0000 2.0000 2.0010 2.0311 2.1558 2.3705 2.6366 2.9489 3.2823 3.5624 3.7477 3.8123 3.7477 3.5624 3.2823 2.9463 2.6046 2.3147 2.1151 2.1371 2.3705 2.6864 3.0330 3.3593 3.6189 3.7758 3.8188 3.7758 3.6189 3.3593 3.0330 2.6873 2.3805 2.1562 2.0311 2.0010 2.0000 2.0000 2.0000 2.0000 2.0000 2.0000 2.0000 2.0000 2.0000 2.0000 2.0000 2.0000 2.0000 2.0000 2.0000 2.0000 2.0000 2.0000 2.0000 2.0000 2.0000 2.0000 2.0000 2.0000 2.0000 2.0000 2.0000 2.0000 2.0000 2.0000 2.0000 2.0000 2.0000 2.0000 2.0000 2.0000 2.0000 2.0000 2.0000
2.0000 2.0000 2.0000 2.0000 2.0000 2.0000 2.0000 2.0000 2.0000 2.0000 2.0000 2.0000 2.0000 2.0000 2.0000 2.0000 2.0000 2.0000 2.0000 2.0000 2.0000 2.0000 2.0000 2.0000 2.0000 2.0000 2.0000 2.0000 2.0000 2.0000 2.0000 2.0000 2.0000 2.0000 2.0000 2.0000 2.0000 2.0000 2.0001 2.0138 2.1218 2.3583 2.6864 3.0562 3.4254 3.8136 4.1588 4.3857 4.4646 4.3857 4.1588 3.8124 3.3936 2.9709 2.5862 2.2778 2.2955 2.6340 3.0561 3.5000 3.9080 4.2281 4.4201 4.4724 4.4201 4.2281 3.9080 3.5015 3.0749 2.6873 2.3583 2.1218 2.0138 2.0001 2.0000 2.0000 2.0000 2.0000 2.0000 2.0000 2.0000 2.0000 2.0000 2.0000 2.0000 2.0000 2.0000 2.0000 2.0000 2.0000 2.0000 2.0000 2.0000 2.0000 2.0000 2.0000 2.0000 2.0000 2.0000 2.0000 2.0000 2.0000 2.0000 2.0000 2.0000 2.0000 2.0000 2.0000 2.0000 2.0000 2.0000 2.0000
2.0000 2.0000 2.0000 2.0000 2.0000 2.0000 2.0000 2.0000 2.0000 2.0000 2.0000 2.0000 2.0000 2.0000 2.0000 2.0000 2.0000 2.0000 2.0000 2.0000 2.0000 2.0000 2.0000 2.0000 2.0000 2.0000 2.0000 2.0000 2.0000 2.0000 2.0000 2.0000 2.0000 2.0000 2.0000 2.0000 2.0000 2.0000 2.0021 2.0576 2.2596 2.6005 3.0330 3.5000 3.9424 4.3347 4.7119 4.9740 5.0651 4.9740 4.7116 4.3131 3.8494 3.3627 2.8824 2.4736 2.4771 2.9021 3.4146 3.9420 4.4200 4.7918 5.0137 5.0742 5.0137 4.7919 4.4221 3.9695 3.5015 3.0330 2.6005 2.2596 2.0576 2.0021 2.0000 2.0000 2.0000 2.0000 2.0000 2.0000 2.0000 2.0000 2.0000 2.0000 2.0000 2.0000 2.0000 2.0000 2.0000 2.0000 2.0000 2.0000 2.0000 2.0000 2.0000 2.0000 2.0000 2.0000 2.0000 2.0000 2.0000 2.0000 2.0000 2.0000 2.0000 2.0000 2.0000 2.0000 2.0000 2.0000 2.0000 2.0000
2.0000 2.0000 2.0000 2.0000 2.0000 2.0000 2.0000 2.0000 2.0000 2.0000 2.0000 2.0000 2.0000 2.0000 2.0000 2.0000 2.0000 2.0000 2.0000 2.0000 2.0000 2.0000 2.0000 2.0000 2.0000 2.0000 2.0000 2.0000 2.0000 2.0000 2.0000 2.0000 2.0000 2.0000 2.0000 2.0000 2.0000 2.0001 2.0155 2.1398 2.4235 2.8447 3.3603 3.9080 4.4200 4.8375 5.1729 5.4479 5.5482 5.4479 5.1638 4.7595 4.2705 3.7170 3.1618 2.6794 2.6670 3.1558 3.7246 4.3061 4.8355 5.2468 5.4916 5.5582 5.4916 5.2493 4.8705 4.4221 3.9080 3.3603 2.8447 2.4235 2.1397 2.0154 2.0001 2.0000 2.0000 2.0000 2.0000 2.0000 2.0000 2.0000 2.0000 2.0000 2.0000 2.0000 2.0000 2.0000 2.0000 2.0000 2.0000 2.0000 2.0000 2.0000 2.0000 2.0000 2.0000 2.0000 2.0000 2.0000 2.0000 2.0000 2.0000 2.0000 2.0000 2.0000 2.0000 2.0000 2.0000 2.0000 2.0000 2.0000
2.0000 2.0000 2.0000 2.0000 2.0000 2.0000 2.0000 2.0000 2.0000 2.0000 2.0000 2.0000 2.0000 2.0000 2.0000 2.0000 2.0000 2.0000 2.0000 2.0000 2.0000 2.0000 2.0000 2.0000 2.0000 2.0000 2.0000 2.0000 2.0000 2.0000 2.0000 2.0000 2.0000 2.0000 2.0000 2.0000 2.0000 2.0020 2.0576 2.2625 2.6193 3.0969 3.6536 4.2392 4.7934 5.2469 5.5506 5.7632 5.8649 5.7614 5.5041 5.1131 4.5976 4.0134 3.4146 2.8689 2.8222 3.3627 3.9808 4.5876 5.1242 5.5452 5.8018 5.8797 5.8045 5.5826 5.2494 4.7934 4.2392 3.6536 3.0969 2.6182 2.2582 2.0524 2.0014 2.0000 2.0000 2.0000 2.0000 2.0000 2.0000 2.0000 2.0000 2.0000 2.0000 2.0000 2.0000 2.0000 2.0000 2.0000 2.0000 2.0000 2.0000 2.0000 2.0000 2.0000 2.0000 2.0000 2.0000 2.0000 2.0000 2.0000 2.0000 2.0000 2.0000 2.0000 2.0000 2.0000 2.0000 2.0000 2.0000 2.0000
2.0000 2.0000 2.0000 2.0000 2.0000 2.0000 2.0000 2.0000 2.0000 2.0000 2.0000 2.0000 2.0000 2.0000 2.0000 2.0000 2.0000 2.0000 2.0000 2.0000 2.0000 2.0000 2.0000 2.0000 2.0000 2.0000 2.0000 2.0000 2.0000 2.0000 2.0000 2.0000 2.0000 2.0000 2.0000 2.0000 2.0000 2.0123 2.1340 2.4210 2.8450 3.3683 3.9465 4.5292 5.0654 5.5063 5.8037 6.0168 6.5137 5.9752 5.7170 5.3466 4.8363 4.2313 3.5969 3.0113 2.9155 3.4765 4.1233 4.7547 5.3014 5.7047 5.9923 6.7289 6.1131 5.8064 5.5064 5.0654 4.5291 3.9442 3.3567 2.8185 2.3893 2.1140 2.0087 2.0000 2.0000 2.0000 2.0000 2.0000 2.0000 2.0000 2.0000 2.0000 2.0000 2.0000 2.0000 2.0000 2.0000 2.0000 2.0000 2.0000 2.0000 2.0000 2.0000 2.0000 2.0000 2.0000 2.0000 2.0000 2.0000 2.0000 2.0000 2.0000 2.0000 2.0000 2.0000 2.0000 2.0000 2.0000 2.0000 2.0000
2.0000 2.0000 2.0000 2.0000 2.0000 2.0000 2.0000 2.0000 2.0000 2.0000 2.0000 2.0000 2.0000 2.0000 2.0000 2.0000 2.0000 2.0000 2.0000 2.0000 2.0000 2.0000 2.0000 2.0000 2.0000 2.0000 2.0000 2.0000 2.0000 2.0000 2.0000 2.0000 2.0000 2.0000 2.0000 2.0000 2.0004 2.0337 2.2202 2.5821 3.0767 3.6478 4.2398 4.8062 5.3011 5.6819 5.9508 7.0192 7.7997 6.4010 5.8175 5.4755 4.9835 4.3880 3.7481 3.1383 3.0064 3.5638 4.2023 4.8200 5.3534 5.7469 6.1718 7.7378 7.0705 5.9506 5.6817 5.2981 4.7892 4.1974 3.5896 3.0237 2.5449 2.2004 2.0286 2.0003 2.0000 2.0000 2.0000 2.0000 2.0000 2.0000 2.0000 2.0000 2.0000 2.0000 2.0000 2.0000 2.0000 2.0000 2.0000 2.0000 2.0000 2.0000 2.0000 2.0000 2.0000 2.0000 2.0000 2.0000 2.0000 2.0000 2.0000 2.0000 2.0000 2.0000 2.0000 2.0000 2.0000 2.0000 2.0000 2.0000
2.0000 2.0000 2.0000 2.0000 2.0000 2.0000 2.0000 2.0000 2.0000 2.0000 2.0000 2.0000 2.0000 2.0000 2.0000 2.0000 2.0000 2.0000 2.0000 2.0000 2.0000 2.0000 2.0000 2.0000 2.0000 2.0000 2.0000 2.0000 2.0000 2.0000 2.0000 2.0000 2.0000 2.0000 2.0000 2.0000 2.0030 2.0726 2.3087 2.7138 3.2543 3.8716 4.4951 5.0568 5.5072 5.8197 6.3051 7.8757 8.2422 6.8375 5.8774 5.5560 5.0741 4.4772 3.8305 3.2137 3.1320 3.7138 4.3501 4.9485 5.4496 5.8022 6.3103 7.9411 7.8413 6.2846 5.8065 5.4712 5.0033 4.4419 3.8290 3.2266 2.6988 2.2986 2.0656 2.0021 2.0000 2.0000 2.0000 2.0000 2.0000 2.0000 2.0000 2.0000 2.0000 2.0000 2.0000 2.0000 2.0000 2.0000 2.0000 2.0000 2.0000 2.0000 2.0000 2.0000 2.0000 2.0000 2.0000 2.0000 2.0000 2.0000 2.0000 2.0000 2.0000 2.0000 2.0000 2.0000 2.0000 2.0000 2.0000 2.0000
2.0000 2.0000 2.0000 2.0000 2.0000 2.0000 2.0000 2.0000 2.0000 2.0000 2.0000 2.0000 2.0000 2.0000 2.0000 2.0000 2.0000 2.0000 2.0000 2.0000 2.0000 2.0000 2.0000 2.0000 2.0000 2.0000 2.0000 2.0000 2.0000 2.0000 2.0000 2.0000 2.0000 2.0000 2.0000 2.0000 2.0120 2.1390 2.4439 2.8940 3.4431 4.0484 4.6611 5.2149 5.6460 5.9368 7.0949 8.3625 8.4397 7.0588 5.9022 5.6027 5.1521 4.5778 3.9382 3.3123 3.2110 3.8097 4.4613 5.0614 5.5447 5.8653 6.6987 8.2170 8.2594 6.8847 5.9086 5.6260 5.1983 4.6510 4.0388 3.4226 2.8629 2.4149 2.1226 2.0091 2.0000 2.0000 2.0000 2.0000 2.0000 2.0000 2.0000 2.0000 2.0000 2.0000 2.0000 2.0000 2.0000 2.0000 2.0000 2.0000 2.0000 2.0000 2.0000 2.0000 2.0000 2.0000 2.0000 2.0000 2.0000 2.0000 2.0000 2.0000 2.0000 2.0000 2.0000 2.0000 2.0000 2.0000 2.0000 2.0000
2.0000 2.0000 2.0000 2.0000 2.0000 2.0000 2.0000 2.0000 2.0000 2.0000 2.0000 2.0000 2.0000 2.0000 2.0000 2.0000 2.0000 2.0000 2.0000 2.0000 2.0000 2.0000 2.0000 2.0000 2.0000 2.0000 2.0000 2.0000 2.0000 2.0000 2.0000 2.0000 2.0000 2.0000 2.0000 2.0002 2.0281 2.2051 2.5654 3.0721 3.6693 4.2900 4.8702 5.3652 5.7383 6.0699 7.6359 8.6417 8.5644 7.4300 5.9761 5.6564 5.2106 4.6325 3.9854 3.3494 3.2245 3.8217 4.4758 5.0780 5.5624 5.8878 7.0219 8.4173 8.5641 7.5845 6.0660 5.7371 5.3573 4.8436 4.2460 3.6230 3.0338 2.5376 2.1885 2.0233 2.0002 2.0000 2.0000 2.0000 2.0000 2.0000 2.0000 2.0000 2.0000 2.0000 2.0000 2.0000 2.0000 2.0000 2.0000 2.0000 2.0000 2.0000 2.0000 2.0000 2.0000 2.0000 2.0000 2.0000 2.0000 2.0000 2.0000 2.0000 2.0000 2.0000 2.0000 2.0000 2.0000 2.0000 2.0000 2.0000
2.0000 2.0000 2.0000 2.0000 2.0000 2.0000 2.0000 2.0000 2.0000 2.0000 2.0000 2.0000 2.0000 2.0000 2.0000 2.0000 2.0000 2.0000 2.0000 2.0000 2.0000 2.0000 2.0000 2.0000 2.0000 2.0000 2.0000 2.0000 2.0000 2.0000 2.0000 2.0000 2.0000 2.0000 2.0000 2.0010 2.0514 2.2749 2.6780 3.2166 3.8337 4.4668 5.0518 5.5264 5.8440 6.4743 8.0630 8.8255 8.6685 7.5431 5.9873 5.6646 5.2316 4.6715 4.0412 3.4137 3.2684 3.8534 4.4957 5.0869 5.5650 5.8882 7.0301 8.4465 8.7607 8.0297 6.4199 5.8280 5.4987 5.0174 4.4284 3.7938 3.1806 2.6512 2.2597 2.0468 2.0008 2.0000 2.0000 2.0000 2.0000 2.0000 2.0000 2.0000 2.0000 2.0000 2.0000 2.0000 2.0000 2.0000 2.0000 2.0000 2.0000 2.0000 2.0000 2.0000 2.0000 2.0000 2.0000 2.0000 2.0000 2.0000 2.0000 2.0000 2.0000 2.0000 2.0000 2.0000 2.0000 2.0000 2.0000 2.0000
2.0000 2.0000 2.0000 2.0000 2.0000 2.0000 2.0000 2.0000 2.0000 2.0000 2.0000 2.0000 2.0000 2.0000 2.0000 2.0000 2.0000 2.0000 2.0000 2.0000 2.0000 2.0000 2.0000 2.0000 2.0000 2.0000 2.0000 2.0000 2.0000 2.0000 2.0000 2.0000 2.0000 2.0000 2.0000 2.0034 2.0826 2.3437 2.7773 3.3392 3.9717 4.6078 5.1788 5.6235 5.9171 7.0708 8.4270 9.0121 8.6945 7.6472 6.0664 5.7259 5.3213 4.7722 4.1375 3.4958 3.3595 3.9597 4.6023 5.1774 5.6237 5.9178 7.0910 8.4570 8.9004 8.3438 6.9522 5.8983 5.6008 5.1522 4.5832 3.9532 3.3284 2.7726 2.3423 2.0824 2.0034 2.0000 2.0000 2.0000 2.0000 2.0000 2.0000 2.0000 2.0000 2.0000 2.0000 2.0000 2.0000 2.0000 2.0000 2.0000 2.0000 2.0000 2.0000 2.0000 2.0000 2.0000 2.0000 2.0000 2.0000 2.0000 2.0000 2.0000 2.0000 2.0000 2.0000 2.0000 2.0000 2.0000 2.0000 2.0000
2.0000 2.0000 2.0000 2.0000 2.0000 2.0000 2.0000 2.0000 2.0000 2.0000 2.0000 2.0000 2.0000 2.0000 2.0000 2.0000 2.0000 2.0000 2.0000 2.0000 2.0000 2.0000 2.0000 2.0000 2.0000 2.0000 2.0000 2.0000 2.0000 2.0000 2.0000 2.0000 2.0000 2.0000 2.0001 2.0148 2.1444 2.4490 2.9093 3.4830 4.1135 4.7345 5.2792 5.6904 5.9976 7.5115 8.6227 9.1500 8.8265 7.9298 6.1810 5.7433 5.3386 4.7878 4.1507 3.5086 3.4112 4.0145 4.6504 5.2190 5.6598 5.9828 7.4822 8.5896 9.0289 8.5464 7.4236 5.9895 5.6887 5.2778 4.7337 4.1133 3.4830 2.9090 2.4475 2.1406 2.0128 2.0000 2.0000 2.0000 2.0000 2.0000 2.0000 2.0000 2.0000 2.0000 2.0000 2.0000 2.0000 2.0000 2.0000 2.0000 2.0000 2.0000 2.0000 2.0000 2.0000 2.0000 2.0000 2.0000 2.0000 2.0000 2.0000 2.0000 2.0000 2.0000 2.0000 2.0000 2.0000 2.0000 2.0000 2.0000
2.0000 2.0000 2.0000 2.0000 2.0000 2.0000 2.0000 2.0000 2.0000 2.0000 2.0000 2.0000 2.0000 2.0000 2.0000 2.0000 2.0000 2.0000 2.0000 2.0000 2.0000 2.0000 2.0000 2.0000 2.0000 2.0000 2.0000 2.0000 2.0000 2.0000 2.0000 2.0000 2.0000 2.0000 2.0008 2.0441 2.2446 2.6099 3.1021 3.6814 4.2989 4.8915 5.3982 5.7664 6.1718 7.8376 8.7575 9.2307 8.8559 7.9456 6.1829 5.7434 5.3387 4.7878 4.1508 3.5129 3.4944 4.1228 4.7550 5.3031 5.7096 6.0238 7.5647 8.6524 9.1295 8.7221 7.8151 6.1692 5.7664 5.3982 4.8915 4.2982 3.6759 3.0852 2.5835 2.2203 2.0335 2.0004 2.0000 2.0000 2.0000 2.0000 2.0000 2.0000 2.0000 2.0000 2.0000 2.0000 2.0000 2.0000 2.0000 2.0000 2.0000 2.0000 2.0000 2.0000 2.0000 2.0000 2.0000 2.0000 2.0000 2.0000 2.0000 2.0000 2.0000 2.0000 2.0000 2.0000 2.0000 2.0000 2.0000 2.0000
2.0000 2.0000 2.0000 2.0000 2.0000 2.0000 2.0000 2.0000 2.0000 2.0000 2.0000 2.0000 2.0000 2.0000 2.0000 2.0000 2.0000 2.0000 2.0000 2.0000 2.0000 2.0000 2.0000 2.0000 2.0000 2.0000 2.0000 2.0000 2.0000 2.0000 2.0000 2.0000 2.0000 2.0000 2.0032 2.0819 2.3418 2.7703 3.3189 3.9257 4.5279 5.0786 5.5352 5.8493 6.5534 8.1483 8.9200 9.3023 8.8567 7.9456 6.1829 5.7434 5.3387 4.7878 4.1508 3.5168 3.5297 4.1603 4.7918 5.3395 5.7431 6.1714 7.8740 8.7625 9.2235 8.8843 8.1224 6.5465 5.8493 5.5343 5.0703 4.4985 3.8720 3.2540 2.7113 2.3022 2.0660 2.0021 2.0000 2.0000 2.0000 2.0000 2.0000 2.0000 2.0000 2.0000 2.0000 2.0000 2.0000 2.0000 2.0000 2.0000 2.0000 2.0000 2.0000 2.0000 2.0000 2.0000 2.0000 2.0000 2.0000 2.0000 2.0000 2.0000 2.0000 2.0000 2.0000 2.0000 2.0000 2.0000 2.0000 2.0000
2.0000 2.0000 2.0000 2.0000 2.0000 2.0000 2.0000 2.0000 2.0000 2.0000 2.0000 2.0000 2.0000 2.0000 2.0000 2.0000 2.0000 2.0000 2.0000 2.0000 2.0000 2.0000 2.0000 2.0000 2.0000 2.0000 2.0000 2.0000 2.0000 2.0000 2.0000 2.0000 2.0000 2.0000 2.0097 2.1292 2.4353 2.9018 3.4805 4.1126 4.7325 5.2726 5.6766 5.9530 7.1731 8.4487 9.1053 9.3598 8.8570 7.9456 6.1829 5.7434 5.3387 4.7880 4.1514 3.5330 3.6270 4.2620 4.8770 5.3960 5.7680 6.1979 7.9278 8.8230 9.3188 9.0678 8.4184 7.1481 5.9390 5.6465 5.2150 4.6604 4.0421 3.4227 2.8604 2.4090 2.1161 2.0075 2.0000 2.0000 2.0000 2.0000 2.0000 2.0000 2.0000 2.0000 2.0000 2.0000 2.0000 2.0000 2.0000 2.0000 2.0000 2.0000 2.0000 2.0000 2.0000 2.0000 2.0000 2.0000 2.0000 2.0000 2.0000 2.0000 2.0000 2.0000 2.0000 2.0000 2.0000 2.0000 2.0000 2.0000
2.0000 2.0000 2.0000 2.0000 2.0000 2.0000 2.0000 2.0000 2.0000 2.0000 2.0000 2.0000 2.0000 2.0000 2.0000 2.0000 2.0000 2.0000 2.0000 2.0000 2.0000 2.0000 2.0000 2.0000 2.0000 2.0000 2.0000 2.0000 2.0000 2.0000 2.0000 2.0000 2.0000 2.0001 2.0222 2.1870 2.5376 3.0378 3.6359 4.2717 4.8793 5.3948 5.7658 6.1711 7.8253 8.7276 9.2883 9.4004 8.8571 7.9457 6.1836 5.7474 5.3538 4.8203 4.2019 3.5917 3.6711 4.3132 4.9344 5.4535 5.8150 6.4774 8.1109 8.8850 9.3874 9.2311 8.6393 7.6164 6.0684 5.7374 5.3565 4.8387 4.2316 3.5970 3.0029 2.5114 2.1723 2.0187 2.0001 2.0000 2.0000 2.0000 2.0000 2.0000 2.0000 2.0000 2.0000 2.0000 2.0000 2.0000 2.0000 2.0000 2.0000 2.0000 2.0000 2.0000 2.0000 2.0000 2.0000 2.0000 2.0000 2.0000 2.0000 2.0000 2.0000 2.0000 2.0000 2.0000 2.0000 2.0000 2.0000 2.0000
2.0000 2.0000 2.0000 2.0000 2.0000 2.0000 2.0000 2.0000 2.0000 2.0000 2.0000 2.0000 2.0000 2.0000 2.0000 2.0000 2.0000 2.0000 2.0000 2.0000 2.0000 2.0000 2.0000 2.0000 2.0000 2.0000 2.0000 2.0000 2.0000 2.0000 2.0000 2.0000 2.0000 2.0006 2.0403 2.2436 2.6300 3.1608 3.7806 4.4224 5.0169 5.5022 5.8332 6.5039 8.1390 8.9181 9.4468 9.4290 8.8705 8.0060 6.3138 5.7996 5.4380 4.9200 4.3005 3.6758 3.7337 4.3613 4.9638 5.4672 5.8200 6.5391 8.2173 8.9783 9.4759 9.3636 8.8263 8.0272 6.4038 5.8177 5.4756 4.9836 4.3883 3.7492 3.1333 2.6073 2.2283 2.0347 2.0004 2.0000 2.0000 2.0000 2.0000 2.0000 2.0000 2.0000 2.0000 2.0000 2.0000 2.0000 2.0000 2.0000 2.0000 2.0000 2.0000 2.0000 2.0000 2.0000 2.0000 2.0000 2.0000 2.0000 2.0000 2.0000 2.0000 2.0000 2.0000 2.0000 2.0000 2.0000 2.0000 2.0000
2.0000 2.0000 2.0000 2.0000 2.0000 2.0000 2.0000 2.0000 2.0000 2.0000 2.0000 2.0000 2.0000 2.0000 2.0000 2.0000 2.0000 2.0000 2.0000 2.0000 2.0000 2.0000 2.0000 2.0000 2.0000 2.0000 2.0000 2.0000 2.0000 2.0000 2.0000 2.0000 2.0000 2.0023 2.0716 2.3202 2.7410 3.2911 3.9150 4.5478 5.1228 5.5815 5.8895 6.9504 8.3753 9.0676 9.5602 9.5088 8.9864 8.2262 6.5409 5.8173 5.4555 4.9361 4.3144 3.6983 3.8203 4.4613 5.0615 5.5447 5.8654 6.7032 8.2534 8.9925 9.5061 9.4978 8.9961 8.2895 6.8278 5.8788 5.5639 5.0948 4.5130 3.8778 3.2554 2.7106 2.2994 2.0628 2.0017 2.0000 2.0000 2.0000 2.0000 2.0000 2.0000 2.0000 2.0000 2.0000 2.0000 2.0000 2.0000 2.0000 2.0000 2.0000 2.0000 2.0000 2.0000 2.0000 2.0000 2.0000 2.0000 2.0000 2.0000 2.0000 2.0000 2.0000 2.0000 2.0000 2.0000 2.0000 2.0000 2.0000
2.0000 2.0000 2.0000 2.0000 2.0000 2.0000 2.0000 2.0000 2.0000 2.0000 2.0000 2.0000 2.0000 2.0000 2.0000 2.0000 2.0000 2.0000 2.0000 2.0000 2.0000 2.0000 2.0000 2.0000 2.0000 2.0000 2.0000 2.0000 2.0000 2.0000 2.0000 2.0000 2.0000 2.0060 2.1069 2.3966 2.8552 3.4340 4.0701 4.6955 5.2459 5.6675 5.9650 7.3197 8.5336 9.1849 9.6517 9.5513 9.0180 8.2453 6.5454 5.8174 5.4556 4.9362 4.3144 3.7008 3.8358 4.4776 5.0785 5.5625 5.8878 7.0219 8.4285 9.0946 9.5794 9.5998 9.1233 8.4674 7.1792 5.9400 5.6469 5.2148 4.6580 4.0329 3.4017 2.8297 2.3785 2.0975 2.0047 2.0000 2.0000 2.0000 2.0000 2.0000 2.0000 2.0000 2.0000 2.0000 2.0000 2.0000 2.0000 2.0000 2.0000 2.0000 2.0000 2.0000 2.0000 2.0000 2.0000 2.0000 2.0000 2.0000 2.0000 2.0000 2.0000 2.0000 2.0000 2.0000 2.0000 2.0000 2.0000 2.0000
2.0000 2.0000 2.0000 2.0000 2.0000 2.0000 2.0000 2.0000 2.0000 2.0000 2.0000 2.0000 2.0000 2.0000 2.0000 2.0000 2.0000 2.0000 2.0000 2.0000 2.0000 2.0000 2.0000 2.0000 2.0000 2.0000 2.0000 2.0000 2.0000 2.0000 2.0000 2.0000 2.0001 2.0154 2.1575 2.4853 2.9695 3.5609 4.1978 4.8143 5.3470 5.7403 6.1159 7.7370 8.7128 9.3080 9.7313 9.5553 9.0181 8.2453 6.5454 5.8174 5.4556 4.9362 4.3144 3.7144 3.9166 4.5478 5.1244 5.5836 5.8932 7.0335 8.4509 9.1285 9.6222 9.6817 9.2365 8.6394 7.6153 6.0644 5.7268 5.3264 4.7860 4.1637 3.5257 2.9377 2.4604 2.1429 2.0123 2.0000 2.0000 2.0000 2.0000 2.0000 2.0000 2.0000 2.0000 2.0000 2.0000 2.0000 2.0000 2.0000 2.0000 2.0000 2.0000 2.0000 2.0000 2.0000 2.0000 2.0000 2.0000 2.0000 2.0000 2.0000 2.0000 2.0000 2.0000 2.0000 2.0000 2.0000 2.0000 2.0000
2.0000 2.0000 2.0000 2.0000 2.0000 2.0000 2.0000 2.0000 2.0000 2.0000 2.0000 2.0000 2.0000 2.0000 2.0000 2.0000 2.0000 2.0000 2.0000 2.0000 2.0000 2.0000 2.0000 2.0000 2.0000 2.0000 2.0000 2.0000 2.0000 2.0000 2.0000 2.0000 2.0004 2.0337 2.2227 2.5932 3.1087 3.7157 4.3506 4.9486 5.4496 5.8022 6.3141 8.0023 8.8601 9.4236 9.8008 9.5571 9.0181 8.2453 6.5454 5.8174 5.4556 4.9362 4.3144 3.7245 3.9847 4.6282 5.2059 5.6515 5.9604 7.3018 8.5043 9.1508 9.6391 9.7701 9.3573 8.7982 7.9286 6.2347 5.7850 5.4235 4.9141 4.3106 3.6754 3.0721 2.5623 2.2004 2.0255 2.0002 2.0000 2.0000 2.0000 2.0000 2.0000 2.0000 2.0000 2.0000 2.0000 2.0000 2.0000 2.0000 2.0000 2.0000 2.0000 2.0000 2.0000 2.0000 2.0000 2.0000 2.0000 2.0000 2.0000 2.0000 2.0000 2.0000 2.0000 2.0000 2.0000 2.0000 2.0000 2.0000
2.0000 2.0000 2.0000 2.0000 2.0000 2.0000 2.0000 2.0000 2.0000 2.0000 2.0000 2.0000 2.0000 2.0000 2.0000 2.0000 2.0000 2.0000 2.0000 2.0000 2.0000 2.0000 2.0000 2.0000 2.0000 2.0000 2.0000 2.0000 2.0000 2.0000 2.0000 2.0000 2.0017 2.0630 2.2994 2.7104 3.2543 3.8744 4.5061 5.0851 5.5532 5.8669 6.7078 8.2619 8.9972 9.5229 9.8525 9.5578 9.0181 8.2453 6.5454 5.8174 5.4556 4.9362 4.3145 3.7384 4.0177 4.6508 5.2194 5.6602 5.9857 7.5221 8.6392 9.2493 9.7132 9.8429 9.4516 8.9233 8.1788 6.5876 5.8496 5.5264 5.0432 4.4452 3.7965 3.1679 2.6286 2.2373 2.0361 2.0004 2.0000 2.0000 2.0000 2.0000 2.0000 2.0000 2.0000 2.0000 2.0000 2.0000 2.0000 2.0000 2.0000 2.0000 2.0000 2.0000 2.0000 2.0000 2.0000 2.0000 2.0000 2.0000 2.0000 2.0000 2.0000 2.0000 2.0000 2.0000 2.0000 2.0000 2.0000 2.0000
2.0000 2.0000 2.0000 2.0000 2.0000 2.0000 2.0000 2.0000 2.0000 2.0000 2.0000 2.0000 2.0000 2.0000 2.0000 2.0000 2.0000 2.0000 2.0000 2.0000 2.0000 2.0000 2.0000 2.0000 2.0000 2.0000 2.0000 2.0000 2.0000 2.0000 2.0000 2.0000 2.0057 2.1040 2.3870 2.8359 3.4046 4.0338 4.6582 5.2147 5.6468 5.9402 7.1869 8.4818 9.1406 9.6148 9.8207 9.5510 9.0181 8.2453 6.5454 5.8174 5.4556 4.9362 4.3146 3.7760 4.1248 4.7550 5.3031 5.7096 6.0238 7.5648 8.6531 9.2667 9.6794 9.7274 9.5249 9.0641 8.3959 6.9976 5.8873 5.5645 5.0864 4.4953 3.8531 3.2271 2.6824 2.2758 2.0511 2.0009 2.0000 2.0000 2.0000 2.0000 2.0000 2.0000 2.0000 2.0000 2.0000 2.0000 2.0000 2.0000 2.0000 2.0000 2.0000 2.0000 2.0000 2.0000 2.0000 2.0000 2.0000 2.0000 2.0000 2.0000 2.0000 2.0000 2.0000 2.0000 2.0000 2.0000 2.0000 2.0000
2.0000 2.0000 2.0000 2.0000 2.0000 2.0000 2.0000 2.0000 2.0000 2.0000 2.0000 2.0000 2.0000 2.0000 2.0000 2.0000 2.0000 2.0000 2.0000 2.0000 2.0000 2.0000 2.0000 2.0000 2.0000 2.0000 2.0000 2.0000 2.0000 2.0000 2.0000 2.0000 2.0123 2.1477 2.4754 2.9629 3.5563 4.1922 4.8059 5.3365 5.7298 6.0665 7.6351 8.6655 9.1793 9.4052 9.4362 9.4094 9.0145 8.2453 6.5454 5.8174 5.4556 4.9362 4.3146 3.7849 4.1523 4.7874 5.3383 5.7429 6.1714 7.8740 8.7598 9.2410 9.3685 9.2842 9.2558 9.0700 8.4531 7.0827 5.9172 5.6236 5.1773 4.6022 3.9595 3.3190 2.7509 2.3176 2.0666 2.0017 2.0000 2.0000 2.0000 2.0000 2.0000 2.0000 2.0000 2.0000 2.0000 2.0000 2.0000 2.0000 2.0000 2.0000 2.0000 2.0000 2.0000 2.0000 2.0000 2.0000 2.0000 2.0000 2.0000 2.0000 2.0000 2.0000 2.0000 2.0000 2.0000 2.0000 2.0000 2.0000
2.0000 2.0000 2.0000 2.0000 2.0000 2.0000 2.0000 2.0000 2.0000 2.0000 2.0000 2.0000 2.0000 2.0000 2.0000 2.0000 2.0000 2.0000 2.0000 2.0000 2.0000 2.0000 2.0000 2.0000 2.0000 2.0000 2.0000 2.0000 2.0000 2.0000 2.0000 2.0001 2.0167 2.1702 2.5201 3.0310 3.6470 4.3004 4.9199 5.4378 5.7995 6.3069 7.9502 8.5840 8.7184 8.8466 8.8613 8.9528 8.8896 8.2413 6.5454 5.8174 5.4556 4.9362 4.3146 3.7850 4.1526 4.7878 5.3387 5.7434 6.1801 7.9204 8.7004 8.8195 8.8123 8.6885 8.6478 8.6360 8.3414 7.1275 5.9360 5.6403 5.1950 4.6185 3.9732 3.3297 2.7585 2.3221 2.0686 2.0019 2.0000 2.0000 2.0000 2.0000 2.0000 2.0000 2.0000 2.0000 2.0000 2.0000 2.0000 2.0000 2.0000 2.0000 2.0000 2.0000 2.0000 2.0000 2.0000 2.0000 2.0000 2.0000 2.0000 2.0000 2.0000 2.0000 2.0000 2.0000 2.0000 2.0000 2.0000 2.0000
2.0000 2.0000 2.0000 2.0000 2.0000 2.0000 2.0000 2.0000 2.0000 2.0000 2.0000 2.0000 2.0000 2.0000 2.0000 2.0000 2.0000 2.0000 2.0000 2.0000 2.0000 2.0000 2.0000 2.0000 2.0000 2.0000 2.0000 2.0000 2.0000 2.0000 2.0000 2.0001 2.0167 2.1702 2.5201 3.0310 3.6470 4.3004 4.9199 5.4375 5.7972 6.2162 7.2633 7.5422 7.7394 7.9418 7.9679 8.1931 8.2412 8.0278 6.5216 5.8169 5.4551 4.9358 4.3143 3.7847 4.1522 4.7874 5.3383 5.7429 6.1707 7.8035 8.0996 7.9279 7.9184 7.7184 7.5267 7.5241 7.3757 6.3871 5.8624 5.5525 5.0850 4.5057 3.8731 3.2517 2.7126 2.3188 2.0935 2.0113 2.0002 2.0000 2.0000 2.0000 2.0000 2.0000 2.0000 2.0000 2.0000 2.0000 2.0000 2.0000 2.0000 2.0000 2.0000 2.0000 2.0000 2.0000 2.0000 2.0000 2.0000 2.0000 2.0000 2.0000 2.0000 2.0000 2.0000 2.0000 2.0000 2.0000 2.0000 2.0000
2.0000 2.0000 2.0000 2.0000 2.0000 2.0000 2.0000 2.0000 2.0000 2.0000 2.0000 2.0000 2.0000 2.0000 2.0000 2.0000 2.0000 2.0000 2.0000 2.0000 2.0000 2.0000 2.0000 2.0000 2.0000 2.0000 2.0000 2.0000 2.0000 2.0000 2.0000 2.0001 2.0139 2.1500 2.4761 2.9628 3.5550 4.1863 4.7864 5.2888 5.6431 5.8437 5.9600 5.9904 6.1153 6.1827 6.2398 6.5255 6.5454 6.5216 6.0734 5.7756 5.4173 4.9018 4.2852 3.7601 4.1245 4.7546 5.3013 5.7030 5.9710 6.6619 6.4964 6.1979 6.1799 6.1133 5.9897 5.9856 5.9747 5.8640 5.6976 5.3923 4.9244 4.3493 3.7599 3.2656 2.8686 2.5261 2.2574 2.0842 2.0111 2.0002 2.0000 2.0000 2.0000 2.0000 2.0000 2.0000 2.0000 2.0000 2.0000 2.0000 2.0000 2.0000 2.0000 2.0000 2.0000 2.0000 2.0000 2.0000 2.0000 2.0000 2.0000 2.0000 2.0000 2.0000 2.0000 2.0000 2.0000 2.0000 2.0000 2.0000
2.0000 2.0000 2.0000 2.0000 2.0000 2.0000 2.0000 2.0000 2.0000 2.0000 2.0000 2.0000 2.0000 2.0000 2.0000 2.0000 2.0000 2.0000 2.0000 2.0000 2.0000 2.0000 2.0000 2.0000 2.0000 2.0000 2.0000 2.0000 2.0000 2.0000 2.0000 2.0023 2.0481 2.2060 2.4831 2.8839 3.3889 3.9497 4.5023 4.9730 5.3291 5.5535 5.6565 5.6839 5.7469 5.7551 5.7889 5.8181 5.8178 5.8169 5.7756 5.5778 5.2232 4.7275 4.1362 3.6341 3.9824 4.5861 5.1114 5.5040 5.7614 5.8725 5.8331 5.7681 5.7438 5.7373 5.6795 5.6662 5.6641 5.5959 5.3889 5.1186 4.7834 4.4230 4.0880 3.7123 3.2858 2.8758 2.5262 2.2574 2.0839 2.0102 2.0001 2.0000 2.0000 2.0000 2.0000 2.0000 2.0000 2.0000 2.0000 2.0000 2.0000 2.0000 2.0000 2.0000 2.0000 2.0000 2.0000 2.0000 2.0000 2.0000 2.0000 2.0000 2.0000 2.0000 2.0000 2.0000 2.0000 2.0000 2.0000 2.0000
2.0000 2.0000 2.0000 2.0000 2.0000 2.0000 2.0000 2.0000 2.0000 2.0000 2.0000 2.0000 2.0000 2.0000 2.0000 2.0000 2.0000 2.0000 2.0000 2.0000 2.0000 2.0000 2.0000 2.0000 2.0000 2.0000 2.0000 2.0000 2.0000 2.0000 2.0007 2.0277 2.1581 2.4173 2.7726 3.1795 3.6129 4.0277 4.4612 4.8764 5.1770 5.3975 5.5399 5.6477 5.7382 5.7486 5.7025 5.6452 5.5758 5.5145 5.4389 5.2305 4.8717 4.4079 3.8666 3.4088 3.7178 4.2704 4.7595 5.1638 5.4479 5.5532 5.5042 5.4264 5.4434 5.5228 5.5695 5.5930 5.5927 5.5525 5.4544 5.3402 5.1817 4.9368 4.6226 4.2006 3.7377 3.2872 2.8758 2.5254 2.2494 2.0689 2.0049 2.0000 2.0000 2.0000 2.0000 2.0000 2.0000 2.0000 2.0000 2.0000 2.0000 2.0000 2.0000 2.0000 2.0000 2.0000 2.0000 2.0000 2.0000 2.0000 2.0000 2.0000 2.0000 2.0000 2.0000 2.0000 2.0000 2.0000 2.0000 2.0000
2.0000 2.0000 2.0000 2.0000 2.0000 2.0000 2.0000 2.0000 2.0000 2.0000 2.0000 2.0000 2.0000 2.0000 2.0000 2.0000 2.0000 2.0000 2.0000 2.0000 2.0000 2.0000 2.0000 2.0000 2.0000 2.0000 2.0000 2.0000 2.0000 2.0002 2.0140 2.1132 2.3417 2.6844 3.1213 3.6082 4.0850 4.5260 4.8953 5.2596 5.5456 5.7188 5.8269 5.8997 5.9642 5.9783 5.9268 5.8655 5.7817 5.6439 5.4315 5.1102 4.7588 4.3453 3.8741 3.4184 3.4004 3.8496 4.3134 4.7130 4.9825 5.1152 5.2112 5.4343 5.6422 5.7794 5.8471 5.8774 5.8774 5.8475 5.7996 5.7287 5.5989 5.3943 5.0714 4.6562 4.2025 3.7377 3.2858 2.8592 2.4789 2.1973 2.0422 2.0016 2.0000 2.0000 2.0000 2.0000 2.0000 2.0000 2.0000 2.0000 2.0000 2.0000 2.0000 2.0000 2.0000 2.0000 2.0000 2.0000 2.0000 2.0000 2.0000 2.0000 2.0000 2.0000 2.0000 2.0000 2.0000 2.0000 2.0000 2.0000
2.0000 2.0000 2.0000 2.0000 2.0000 2.0000 2.0000 2.0000 2.0000 2.0000 2.0000 2.0000 2.0000 2.0000 2.0000 2.0000 2.0000 2.0000 2.0000 2.0000 2.0000 2.0000 2.0000 2.0000 2.0000 2.0000 2.0000 2.0000 2.0000 2.0038 2.0693 2.2706 2.5894 3.0046 3.4902 4.0091 4.5260 4.9724 5.3279 5.5913 5.8152 5.9430 6.0542 6.1967 6.3794 6.4254 6.2827 6.1188 5.9948 5.8896 5.7127 5.4647 5.1640 4.7641 4.2998 3.7818 3.3505 3.4658 3.9221 4.3729 4.7985 5.1717 5.4653 5.7127 5.8897 5.9962 6.1010 6.2092 6.2092 6.1054 6.0324 5.9630 5.8715 5.7095 5.4323 5.0738 4.6562 4.2006 3.7124 3.2097 2.7608 2.3947 2.1380 2.0185 2.0002 2.0000 2.0000 2.0000 2.0000 2.0000 2.0000 2.0000 2.0000 2.0000 2.0000 2.0000 2.0000 2.0000 2.0000 2.0000 2.0000 2.0000 2.0000 2.0000 2.0000 2.0000 2.0000 2.0000 2.0000 2.0000 2.0000 2.0000
2.0000 2.0000 2.0000 2.0000 2.0000 2.0000 2.0000 2.0000 2.0000 2.0000 2.0000 2.0000 2.0000 2.0000 2.0000 2.0000 2.0000 2.0000 2.0000 2.0000 2.0000 2.0000 2.0000 2.0000 2.0000 2.0000 2.0000 2.0000 2.0005 2.0285 2.1741 2.4671 2.8825 3.3645 3.8769 4.4034 4.8930 5.3278 5.6486 5.8444 5.9816 6.2611 6.5663 6.7937 6.9935 7.0478 6.8951 6.6886 6.4215 6.0980 5.9089 5.7621 5.5093 5.1485 4.6850 4.1952 3.6905 3.6113 4.1373 4.6539 5.1208 5.5042 5.7620 5.9091 6.1035 6.4413 6.7046 6.8655 6.8656 6.7306 6.5787 6.3688 6.0917 5.9016 5.7122 5.4323 5.0714 4.6241 4.1065 3.5867 3.0816 2.6366 2.2902 2.0735 2.0037 2.0000 2.0000 2.0000 2.0000 2.0000 2.0000 2.0000 2.0000 2.0000 2.0000 2.0000 2.0000 2.0000 2.0000 2.0000 2.0000 2.0000 2.0000 2.0000 2.0000 2.0000 2.0000 2.0000 2.0000 2.0000 2.0000 2.0000
2.0000 2.0000 2.0000 2.0000 2.0000 2.0000 2.0000 2.0000 2.0000 2.0000 2.0000 2.0000 2.0000 2.0000 2.0000 2.0000 2.0000 2.0000 2.0000 2.0000 2.0000 2.0000 2.0001 2.0000 2.0000 2.0000 2.0000 2.0000 2.0063 2.0932 2.3334 2.7041 3.1736 3.7181 4.2712 4.7747 5.2280 5.5887 5.8444 6.0247 6.3121 6.7495 7.1397 7.3853 7.5697 7.6312 7.4800 7.2780 6.9637 6.5199 6.1537 5.9377 5.7487 5.4435 5.0624 4.5818 4.0294 3.9423 4.4670 4.9946 5.4219 5.7300 5.9325 6.1601 6.5441 7.0070 7.3267 7.4887 7.4894 7.3742 7.2254 6.9660 6.5388 6.1063 5.9016 5.7096 5.3987 4.9804 4.4972 3.9584 3.4156 2.9021 2.4691 2.1667 2.0227 2.0003 2.0000 2.0000 2.0000 2.0000 2.0000 2.0000 2.0000 2.0000 2.0000 2.0000 2.0000 2.0000 2.0000 2.0000 2.0000 2.0000 2.0000 2.0000 2.0000 2.0000 2.0000 2.0000 2.0000 2.0000 2.0000 2.0000
2.0000 2.0000 2.0000 2.0000 2.0000 2.0000 2.0000 2.0000 2.0000 2.0000 2.0000 2.0000 2.0000 2.0000 2.0000 2.0000 2.0000 2.0000 2.0002 2.0021 2.0073 2.0138 2.0170 2.0151 2.0090 2.0030 2.0004 2.0006 2.0320 2.1962 2.5173 2.9669 3.4972 4.0517 4.6039 5.1134 5.5087 5.7909 5.9764 6.3114 6.8103 7.2146 7.6187 7.9128 8.0873 8.1482 8.0058 7.7871 7.4208 7.0219 6.6056 6.1237 5.9027 5.6996 5.3525 4.8728 4.3263 4.2667 4.7944 5.2664 5.6429 5.8899 6.1090 6.5945 7.0610 7.4818 7.8581 8.0466 8.0496 7.9483 7.7966 7.4747 7.0263 6.5388 6.0923 5.8774 5.6474 5.2991 4.8422 4.3064 3.7258 3.1631 2.6732 2.2993 2.0743 2.0037 2.0000 2.0000 2.0000 2.0000 2.0000 2.0000 2.0000 2.0000 2.0000 2.0000 2.0000 2.0000 2.0000 2.0000 2.0000 2.0000 2.0000 2.0000 2.0000 2.0000 2.0000 2.0000 2.0000 2.0000 2.0000 2.0000
2.0000 2.0000 2.0000 2.0000 2.0000 2.0000 2.0000 2.0000 2.0000 2.0000 2.0000 2.0000 2.0000 2.0000 2.0000 2.0000 2.0002 2.0036 2.0223 2.0644 2.1156 2.1558 2.1716 2.1623 2.1274 2.0772 2.0308 2.0108 2.0926 2.3383 2.7288 3.2305 3.7994 4.3834 4.9213 5.3699 5.7187 5.9323 6.1977 6.7075 7.2099 7.6510 8.0181 8.3471 8.5424 8.5993 8.4617 8.1924 7.8438 7.4692 6.9946 6.5065 6.0609 5.8468 5.5549 5.1268 4.6125 4.5565 5.0654 5.5065 5.8090 6.0022 6.4423 7.0092 7.5023 7.9140 8.2765 8.5280 8.5434 8.4515 8.2604 7.8990 7.4750 6.9741 6.4268 6.0196 5.8272 5.5470 5.1259 4.5998 4.0201 3.4386 2.9061 2.4689 2.1645 2.0205 2.0002 2.0000 2.0000 2.0000 2.0000 2.0000 2.0000 2.0000 2.0000 2.0000 2.0000 2.0000 2.0000 2.0000 2.0000 2.0000 2.0000 2.0000 2.0000 2.0000 2.0000 2.0000 2.0000 2.0000 2.0000 2.0000
2.0000 2.0000 2.0000 2.0000 2.0000 2.0000 2.0000 2.0000 2.0000 2.0000 2.0000 2.0000 2.0000 2.0000 2.0000 2.0006 2.0140 2.0693 2.1663 2.2902 2.4086 2.4916 2.5229 2.5045 2.4336 2.3217 2.1940 2.0901 2.1809 2.5049 2.9642 3.5091 4.0937 4.6696 5.1864 5.5965 5.8611 6.0698 6.5633 7.0899 7.5669 8.0075 8.3792 8.6865 8.9235 8.9839 8.8212 8.5407 8.2200 7.8288 7.3930 6.8635 6.2867 5.9439 5.7197 5.3558 4.8852 4.8326 5.3011 5.6819 5.9209 6.2287 6.7888 7.3487 7.8632 8.2872 8.6294 8.9059 8.9666 8.8697 8.6200 8.2667 7.8362 7.3626 6.8344 6.2788 5.9436 5.7197 5.3558 4.8729 4.3134 3.7252 3.1559 2.6536 2.2715 2.0545 2.0014 2.0000 2.0000 2.0002 2.0004 2.0004 2.0002 2.0001 2.0000 2.0000 2.0000 2.0000 2.0000 2.0000 2.0000 2.0000 2.0000 2.0000 2.0000 2.0000 2.0000 2.0000 2.0000 2.0000 2.0000 2.0000
2.0000 2.0000 2.0000 2.0000 2.0000 2.0000 2.0000 2.0000 2.0000 2.0000 2.0000 2.0000 2.0000 2.0000 2.0006 2.0205 2.1104 2.2706 2.4652 2.6698 2.8591 2.9876 3.0352 3.0073 2.8981 2.7204 2.5045 2.2932 2.3099 2.6783 3.1850 3.7741 4.3787 4.9376 5.4085 5.7551 5.9682 6.3450 6.8898 7.4232 7.9009 8.3057 8.6716 8.9754 9.2135 9.2909 9.1035 8.8458 8.5289 8.1498 7.6823 7.1508 6.5717 6.0664 5.8470 5.5549 5.1384 5.0904 5.5082 5.8187 6.0308 6.5214 7.1272 7.6697 8.1426 8.5697 8.9249 9.1937 9.3089 9.1829 8.9088 8.5606 8.1682 7.7128 7.1927 6.5980 6.0705 5.8470 5.5548 5.1251 4.5882 3.9838 3.3726 2.8206 2.3842 2.1066 2.0069 2.0030 2.0120 2.0255 2.0355 2.0366 2.0287 2.0153 2.0045 2.0005 2.0000 2.0000 2.0000 2.0000 2.0000 2.0000 2.0000 2.0000 2.0000 2.0000 2.0000 2.0000 2.0000 2.0000 2.0000 2.0000
2.0000 2.0000 2.0000 2.0000 2.0000 2.0000 2.0000 2.0000 2.0000 2.0000 2.0000 2.0000 2.0000 2.0002 2.0140 2.1104 2.3133 2.5861 2.8824 3.1618 3.4146 3.5886 3.6526 3.6152 3.4676 3.2240 2.9193 2.6003 2.4891 2.8930 3.4356 4.0228 4.6130 5.1570 5.5917 5.8724 6.1116 6.6454 7.2169 7.7217 8.1699 8.5748 8.9129 9.2013 9.4345 9.5126 9.3378 9.0896 8.7711 8.3787 7.9285 7.4234 6.8656 6.2867 5.9439 5.7188 5.3593 5.3200 5.6817 5.9210 6.2335 6.8288 7.4152 7.9440 8.4087 8.8009 9.1346 9.4110 9.5552 9.4020 9.1396 8.8274 8.4520 8.0042 7.4846 6.9049 6.3000 5.9429 5.7089 5.3184 4.7961 4.1946 3.5732 2.9925 2.5086 2.1725 2.0358 2.0715 2.1390 2.2003 2.2363 2.2401 2.2123 2.1558 2.0876 2.0311 2.0045 2.0001 2.0000 2.0000 2.0000 2.0000 2.0000 2.0000 2.0000 2.0000 2.0000 2.0000 2.0000 2.0000 2.0000 2.0000
2.0000 2.0000 2.0000 2.0000 2.0000 2.0000 2.0000 2.0000 2.0000 2.0000 2.0000 2.0000 2.0000 2.0036 2.0693 2.2706 2.5861 2.9682 3.3627 3.7170 4.0134 4.2281 4.3074 4.2610 4.0774 3.7717 3.3838 2.9709 2.6983 3.0715 3.6689 4.2897 4.8679 5.3559 5.7224 5.9501 6.3312 6.9306 7.4884 7.9872 8.4240 8.7947 9.1162 9.3841 9.5959 9.6765 9.5120 9.2626 8.9508 8.5832 8.1605 7.6827 7.1500 6.5666 6.0543 5.8284 5.5213 5.4754 5.8002 6.0254 6.5198 7.1285 7.6871 8.1862 8.6247 9.0020 9.3136 9.5597 9.7029 9.5699 9.3386 9.0419 8.6751 8.2440 7.7501 7.1874 6.5589 6.0317 5.8064 5.4659 4.9786 4.3885 3.7547 3.1455 2.6261 2.2517 2.1617 2.2968 2.4438 2.5621 2.6278 2.6346 2.5841 2.4772 2.3346 2.1868 2.0687 2.0102 2.0002 2.0000 2.0000 2.0000 2.0000 2.0000 2.0000 2.0000 2.0000 2.0000 2.0000 2.0000 2.0000 2.0000
2.0000 2.0000 2.0000 2.0000 2.0000 2.0000 2.0000 2.0000 2.0000 2.0000 2.0000 2.0000 2.0003 2.0226 2.1664 2.4652 2.8824 3.3627 3.8453 4.2704 4.5976 4.8355 4.9280 4.8738 4.6588 4.2995 3.8488 3.3628 2.9383 3.1926 3.8106 4.4521 5.0451 5.5244 5.8413 6.0655 6.5728 7.1595 7.7085 8.2023 8.6291 8.9913 9.2895 9.5296 9.7193 9.7845 9.6278 9.3985 9.1139 8.7737 8.3762 7.9156 7.3873 6.8037 6.2205 5.9116 5.6477 5.5758 5.8610 6.1285 6.7454 7.3767 7.9320 8.4105 8.8210 9.1687 9.4554 9.6801 9.8090 9.7008 9.4864 9.2071 8.8625 8.4466 7.9566 7.3971 6.7750 6.1607 5.8754 5.5769 5.1210 4.5543 3.9346 3.3205 2.7705 2.3721 2.4191 2.6620 2.8928 3.0707 3.1675 3.1775 3.1034 2.9435 2.7227 2.4772 2.2494 2.0837 2.0102 2.0001 2.0000 2.0000 2.0000 2.0000 2.0000 2.0000 2.0000 2.0000 2.0000 2.0000 2.0000 2.0000
2.0000 2.0000 2.0000 2.0000 2.0000 2.0000 2.0000 2.0000 2.0000 2.0000 2.0000 2.0000 2.0029 2.0715 2.2981 2.6730 3.1623 3.7170 4.2704 4.7542 5.1130 5.3464 5.4465 5.3861 5.1471 4.7587 4.2705 3.7170 3.1925 3.3138 3.9388 4.5776 5.1517 5.6022 5.8896 6.2035 6.8248 7.4094 7.9254 8.3815 8.7863 9.1369 9.4258 9.6502 9.8126 9.8581 9.7217 9.5195 9.2588 8.9346 8.5459 8.0981 7.5897 7.0093 6.3609 5.9362 5.6826 5.6279 5.8902 6.2223 6.8934 7.5220 8.0798 8.5662 8.9781 9.3130 9.5749 9.7711 9.8814 9.7903 9.5976 9.3349 9.0009 8.5952 8.1170 7.5668 6.9496 6.3019 5.9327 5.6840 5.2749 4.7328 4.1126 3.4804 2.9020 2.5492 2.7729 3.1184 3.4321 3.6689 3.7963 3.8093 3.7119 3.5000 3.2017 2.8592 2.5246 2.2494 2.0687 2.0045 2.0000 2.0000 2.0000 2.0000 2.0000 2.0000 2.0000 2.0000 2.0000 2.0000 2.0000 2.0000
2.0000 2.0000 2.0000 2.0000 2.0000 2.0000 2.0000 2.0000 2.0000 2.0000 2.0000 2.0000 2.0120 2.1390 2.4438 2.8930 3.4353 4.0198 4.5983 5.1130 5.4979 5.7169 5.8073 5.7427 5.5032 5.1131 4.5976 4.0135 3.4302 3.4243 4.0397 4.6698 5.2296 5.6624 5.9306 6.3215 6.9473 7.5396 8.0740 8.5407 8.9357 9.2610 9.5251 9.7320 9.8784 9.9133 9.7972 9.6109 9.3581 9.0374 8.6474 8.1875 7.6594 7.0689 6.4361 5.9788 5.7443 5.6956 5.9333 6.3374 6.9903 7.6059 8.1593 8.6430 9.0537 9.3902 9.6512 9.8364 9.9297 9.8493 9.6720 9.4224 9.1012 8.7107 8.2540 7.7312 7.1422 6.4990 5.9965 5.7656 5.3941 4.8763 4.2636 3.6208 3.0225 2.8121 3.1789 3.6081 3.9981 4.2893 4.4450 4.4609 4.3420 4.0819 3.7121 3.2845 2.8592 2.4772 2.1868 2.0312 2.0006 2.0000 2.0000 2.0000 2.0000 2.0000 2.0000 2.0000 2.0000 2.0000 2.0000 2.0000
2.0000 2.0000 2.0000 2.0000 2.0000 2.0000 2.0000 2.0000 2.0000 2.0000 2.0000 2.0003 2.0285 2.2053 2.5654 3.0721 3.6693 4.2897 4.8678 5.3553 5.7178 5.9624 6.3758 5.9785 5.7171 5.3475 4.8412 4.2462 3.6362 3.5310 4.1403 4.7732 5.3216 5.7258 5.9653 6.4008 7.0464 7.6415 8.1695 8.6295 9.0221 9.3479 9.6058 9.7958 9.9204 9.9432 9.8345 9.6540 9.4067 9.0931 8.7144 8.2702 7.7604 7.1825 6.5351 6.0021 5.7765 5.7547 5.9802 6.4563 7.1146 7.7229 8.2617 8.7274 9.1198 9.4399 9.6879 9.8633 9.9518 9.8856 9.7271 9.4999 9.2038 8.8366 8.3965 7.8838 7.3025 6.6633 6.0744 5.8217 5.4804 4.9872 4.3901 3.7488 3.1515 3.1324 3.6081 4.0850 4.5257 4.8627 5.0426 5.0609 4.9236 4.6225 4.1986 3.7121 3.2018 2.7234 2.3380 2.0935 2.0062 2.0000 2.0000 2.0000 2.0000 2.0000 2.0000 2.0000 2.0000 2.0000 2.0000 2.0000
2.0000 2.0000 2.0000 2.0000 2.0000 2.0000 2.0000 2.0000 2.0000 2.0000 2.0000 2.0021 2.0647 2.2941 2.6905 3.2210 3.8346 4.4669 5.0518 5.5264 5.8442 6.5411 7.9444 6.4874 5.8284 5.5011 5.0296 4.4663 3.8692 3.6531 4.2326 4.8473 5.3719 5.7547 5.9972 6.5259 7.1646 7.7374 8.2474 8.6944 9.0773 9.3948 9.6457 9.8292 9.9442 9.9576 9.8573 9.6866 9.4476 9.1404 8.7653 8.3234 7.8169 7.2505 6.6344 6.0701 5.8292 5.8015 6.0147 6.5675 7.2377 7.8347 8.3577 8.8086 9.1876 9.4946 9.7288 9.8896 9.9688 9.9197 9.7817 9.5714 9.2883 8.9324 8.5035 8.0014 7.4271 6.7883 6.1613 5.8706 5.5560 5.0741 4.4772 3.8305 3.2589 3.4395 3.9984 4.5257 4.9724 5.3259 5.5233 5.5435 5.3925 5.0689 4.6226 4.0832 3.5086 2.9681 2.5156 2.1910 2.0275 2.0003 2.0000 2.0000 2.0000 2.0000 2.0000 2.0000 2.0000 2.0000 2.0000 2.0000
2.0000 2.0000 2.0000 2.0000 2.0000 2.0000 2.0000 2.0000 2.0000 2.0000 2.0000 2.0073 2.1156 2.4086 2.8592 3.4165 4.0243 4.6314 5.1857 5.6249 5.9203 7.2439 8.5101 7.1741 5.9217 5.6422 5.2327 4.6984 4.0923 3.7762 4.3175 4.9332 5.4495 5.8092 6.0512 6.5947 7.2218 7.7976 8.3097 8.7548 9.1316 9.4399 9.6801 9.8524 9.9567 9.9667 9.8748 9.7144 9.4879 9.1958 8.8381 8.4142 7.9239 7.3679 6.7538 6.1535 5.8763 5.8370 6.0839 6.6999 7.3401 7.9180 8.4300 8.8727 9.2433 9.5403 9.7630 9.9112 9.9808 9.9423 9.8183 9.6207 9.3499 9.0064 8.5912 8.1042 7.5433 6.9064 6.2251 5.8903 5.6027 5.1521 4.5778 3.9384 3.4074 3.7148 4.3106 4.8677 5.3264 5.6486 5.8380 5.8610 5.7068 5.3942 4.9368 4.3855 3.7957 3.2146 2.6954 2.2955 2.0625 2.0017 2.0000 2.0000 2.0000 2.0000 2.0000 2.0000 2.0000 2.0000 2.0000 2.0000
2.0000 2.0000 2.0000 2.0000 2.0000 2.0000 2.0000 2.0000 2.0000 2.0000 2.0001 2.0158 2.1614 2.4969 2.9909 3.5901 4.2286 4.8358 5.3478 5.7231 6.0401 7.7912 8.8312 7.9765 6.1584 5.7607 5.3905 4.8745 4.2633 3.9029 4.4216 5.0180 5.5042 5.8339 6.0897 6.7028 7.3336 7.8943 8.3873 8.8151 9.1777 9.4748 9.7057 9.8697 9.9659 9.9773 9.8985 9.7517 9.5379 9.2577 8.9115 8.5001 8.0235 7.4795 6.8657 6.2102 5.8834 5.8386 6.0897 6.7371 7.4026 7.9911 8.5023 8.9371 9.2963 9.5806 9.7911 9.9275 9.9880 9.9564 9.8438 9.6562 9.3936 9.0560 8.6442 8.1598 7.6060 6.9902 6.3367 5.9303 5.6564 5.2106 4.6323 3.9854 3.5309 3.9534 4.5554 5.1094 5.5514 5.8441 6.3176 6.5066 5.8783 5.5989 5.1811 4.6437 4.0297 3.4038 2.8358 2.3871 2.1041 2.0058 2.0000 2.0000 2.0000 2.0000 2.0000 2.0000 2.0000 2.0000 2.0000 2.0000
2.0000 2.0000 2.0000 2.0000 2.0000 2.0000 2.0000 2.0000 2.0000 2.0000 2.0002 2.0289 2.2126 2.5845 3.1045 3.7166 4.3561 4.9575 5.4602 5.8123 6.4668 8.3438 9.1087 8.4765 6.5655 5.8178 5.4651 4.9619 4.3610 3.9697 4.4744 5.0761 5.5603 5.8755 6.1814 6.7919 7.3972 7.9494 8.4400 8.8654 9.2236 9.5137 9.7357 9.8893 9.9750 9.9848 9.9151 9.7765 9.5691 9.2930 8.9474 8.5324 8.0480 7.4943 6.8713 6.2109 5.8834 5.8386 6.0897 6.7372 7.4033 7.9935 8.5074 8.9453 9.3069 9.5924 9.8018 9.9350 9.9914 9.9656 9.8630 9.6867 9.4373 9.1145 8.7188 8.2484 7.7019 7.0778 6.3836 5.9338 5.6586 5.2126 4.6340 3.9888 3.6671 4.1935 4.7891 5.3005 5.6894 5.9808 7.4196 7.6507 6.0697 5.7287 5.3362 4.8060 4.1929 3.5588 2.9689 2.4852 2.1574 2.0154 2.0001 2.0000 2.0000 2.0000 2.0000 2.0000 2.0000 2.0000 2.0000 2.0000
2.0000 2.0000 2.0000 2.0000 2.0000 2.0000 2.0000 2.0000 2.0000 2.0000 2.0007 2.0457 2.2605 2.6584 3.1978 3.8232 4.4683 5.0639 5.5453 5.8664 6.8283 8.6432 9.3070 8.6481 6.8291 5.8664 5.5453 5.0639 4.4688 4.0136 4.4764 5.0781 5.5625 5.8779 6.2107 6.8700 7.4897 8.0384 8.5170 8.9277 9.2718 9.5490 9.7601 9.9043 9.9812 9.9862 9.9172 9.7788 9.5711 9.2942 8.9481 8.5327 8.0481 7.4943 6.8713 6.2109 5.8834 5.8386 6.0897 6.7372 7.4033 7.9935 8.5074 8.9453 9.3070 9.5925 9.8019 9.9352 9.9922 9.9727 9.8773 9.7061 9.4589 9.1355 8.7358 8.2600 7.7079 7.0797 6.3839 5.9338 5.6586 5.2126 4.6340 3.9952 3.8259 4.4004 4.9820 5.4663 5.8062 6.3258 8.0889 8.1812 6.3520 5.8022 5.4495 4.9485 4.3502 3.7140 3.1043 2.5855 2.2143 2.0300 2.0003 2.0000 2.0000 2.0000 2.0000 2.0000 2.0000 2.0000 2.0000 2.0000
2.0000 2.0000 2.0000 2.0000 2.0000 2.0000 2.0000 2.0000 2.0000 2.0000 2.0016 2.0641 2.3107 2.7391 3.3023 3.9382 4.5777 5.1520 5.6026 5.9043 7.2233 8.8574 9.4525 8.8574 7.2233 5.9043 5.6026 5.1520 4.5780 4.0840 4.4773 5.0781 5.5625 5.8779 6.2109 6.8713 7.4943 8.0481 8.5327 8.9480 9.2940 9.5706 9.7781 9.9165 9.9861 9.9864 9.9171 9.7787 9.5710 9.2942 8.9481 8.5327 8.0481 7.4943 6.8713 6.2109 5.8834 5.8386 6.0897 6.7372 7.4033 7.9935 8.5074 8.9453 9.3070 9.5925 9.8019 9.9352 9.9915 9.9669 9.8674 9.6944 9.4476 9.1259 8.7293 8.2563 7.7064 7.0794 6.3838 5.9338 5.6586 5.2126 4.6340 4.0157 4.0387 4.6132 5.1585 5.5979 5.8928 6.9510 8.5468 8.5039 6.7909 5.8663 5.5472 5.0702 4.4812 3.8424 3.2203 2.6790 2.2747 2.0509 2.0009 2.0000 2.0000 2.0000 2.0000 2.0000 2.0000 2.0000 2.0000 2.0000
2.0000 2.0000 2.0000 2.0000 2.0000 2.0000 2.0000 2.0000 2.0000 2.0000 2.0030 2.0817 2.3470 2.7875 3.3572 3.9963 4.6379 5.2124 5.6567 5.9849 7.6617 8.9943 9.5494 8.9943 7.6617 5.9849 5.6564 5.2106 4.6325 4.1148 4.4777 5.0781 5.5625 5.8779 6.2109 6.8713 7.4943 8.0481 8.5327 8.9480 9.2940 9.5706 9.7781 9.9165 9.9859 9.9828 9.9086 9.7672 9.5585 9.2829 8.9391 8.5270 8.0453 7.4933 6.8711 6.2108 5.8834 5.8386 6.0897 6.7372 7.4033 7.9935 8.5074 8.9452 9.3068 9.5921 9.8014 9.9346 9.9891 9.9507 9.8342 9.6458 9.3863 9.0558 8.6534 8.1794 7.6359 7.0276 6.3637 5.9329 5.6581 5.2121 4.6337 4.0724 4.3145 4.8728 5.3563 5.7224 6.0281 7.6408 8.8425 8.7363 7.2238 5.9201 5.6236 5.1773 4.6022 3.9595 3.3190 2.7509 2.3176 2.0666 2.0017 2.0000 2.0000 2.0000 2.0000 2.0000 2.0000 2.0000 2.0000 2.0000
2.0000 2.0000 2.0000 2.0000 2.0000 2.0000 2.0000 2.0000 2.0000 2.0000 2.0055 2.1067 2.4021 2.8694 3.4571 4.1005 4.7299 5.2784 5.6907 6.0119 7.8057 9.1120 9.6564 9.1105 7.7926 5.9966 5.6589 5.2144 4.6399 4.1219 4.4778 5.0781 5.5625 5.8779 6.2107 6.8700 7.4897 8.0384 8.5170 8.9277 9.2718 9.5490 9.7601 9.9043 9.9808 9.9770 9.8936 9.7415 9.5212 9.2331 8.8781 8.4575 7.9735 7.4292 6.8281 6.1994 5.8828 5.8385 6.0897 6.7364 7.3997 7.9849 8.4928 8.9259 9.2851 9.5711 9.7840 9.9235 9.9835 9.9366 9.8070 9.6029 9.3246 8.9724 8.5479 8.0538 7.4935 6.8718 6.2254 5.9009 5.6232 5.1770 4.6027 4.1435 4.5518 5.1091 5.5519 5.8498 6.5276 8.2642 9.1053 8.9158 7.6743 5.9904 5.6581 5.2121 4.6336 3.9858 3.3395 2.7654 2.3262 2.0699 2.0019 2.0000 2.0000 2.0000 2.0000 2.0000 2.0000 2.0000 2.0000 2.0000
2.0000 2.0000 2.0000 2.0000 2.0000 2.0000 2.0000 2.0000 2.0000 2.0000 2.0064 2.1148 2.4200 2.8978 3.4961 4.1492 4.7860 5.3367 5.7412 6.1858 8.1280 9.2021 9.6818 9.1145 7.8061 6.0119 5.6907 5.2784 4.7300 4.1863 4.4770 5.0761 5.5603 5.8755 6.1814 6.7919 7.3972 7.9494 8.4403 8.8660 9.2247 9.5155 9.7379 9.8917 9.9757 9.9701 9.8795 9.7215 9.4963 9.2039 8.8434 8.4143 7.9158 7.3476 6.7121 6.1013 5.8546 5.8315 6.0732 6.6634 7.3050 7.8909 8.4100 8.8576 9.2314 9.5306 9.7556 9.9063 9.9740 9.9172 9.7754 9.5600 9.2712 8.9101 8.4771 7.9724 7.3940 6.7408 6.1066 5.8479 5.5294 5.0527 4.4720 4.2223 4.7483 5.2798 5.6847 5.9801 7.4457 8.7578 9.3666 8.9870 7.7222 5.9937 5.6586 5.2126 4.6340 3.9861 3.3398 2.7656 2.3263 2.0700 2.0019 2.0000 2.0000 2.0000 2.0000 2.0000 2.0000 2.0000 2.0000 2.0000
2.0000 2.0000 2.0000 2.0000 2.0000 2.0000 2.0000 2.0000 2.0000 2.0000 2.0065 2.1151 2.4206 2.8987 3.4973 4.1508 4.7878 5.3387 5.7434 6.2192 8.2595 9.3146 9.7516 9.2026 8.1280 6.1858 5.7412 5.3367 4.7860 4.2108 4.4268 5.0180 5.5043 5.8339 6.0900 6.7066 7.3458 7.9165 8.4181 8.8503 9.2132 9.5066 9.7312 9.8868 9.9722 9.9567 9.8540 9.6848 9.4491 9.1464 8.7767 8.3412 7.8425 7.2841 6.6691 6.0791 5.8237 5.7867 6.0035 6.5524 7.2168 7.8097 8.3335 8.7880 9.1717 9.4834 9.7217 9.8857 9.9580 9.8834 9.7257 9.4990 9.2028 8.8345 8.3907 7.8694 7.2750 6.6222 6.0548 5.8097 5.4524 4.9410 4.3579 4.3696 4.9364 5.4311 5.7849 6.2398 8.0661 9.0702 9.5247 8.9899 7.7222 5.9937 5.6586 5.2126 4.6340 3.9861 3.3398 2.7656 2.3263 2.0700 2.0019 2.0000 2.0000 2.0000 2.0000 2.0000 2.0000 2.0000 2.0000 2.0000
2.0000 2.0000 2.0000 2.0000 2.0000 2.0000 2.0000 2.0000 2.0000 2.0000 2.0071 2.1181 2.4242 2.9014 3.4988 4.1514 4.7880 5.3387 5.7434 6.2193 8.2602 9.3186 9.8182 9.3155 8.2595 6.2192 5.7434 5.3387 4.7879 4.1960 4.3328 4.9395 5.4565 5.8162 6.0845 6.7010 7.3328 7.8938 8.3870 8.8149 9.1776 9.4746 9.7055 9.8695 9.9619 9.9333 9.8140 9.6316 9.3848 9.0718 8.6925 8.2477 7.7393 7.1683 6.5351 6.0120 5.7912 5.7487 5.9662 6.4197 7.0931 7.7102 8.2535 8.7220 9.1156 9.4344 9.6785 9.8516 9.9316 9.8386 9.6582 9.4092 9.0921 8.7071 8.2573 7.7483 7.1752 6.5300 5.9971 5.7543 5.3715 4.8470 4.3145 4.5562 5.1143 5.5665 5.8709 6.7775 8.4865 9.3040 9.6015 8.9902 7.7222 5.9937 5.6586 5.2126 4.6340 3.9861 3.3398 2.7656 2.3263 2.0700 2.0019 2.0000 2.0000 2.0000 2.0000 2.0000 2.0000 2.0000 2.0000 2.0000
2.0000 2.0000 2.0000 2.0000 2.0000 2.0000 2.0000 2.0000 2.0000 2.0000 2.0123 2.1478 2.4761 2.9648 3.5615 4.2019 4.8203 5.3538 5.7474 6.2200 8.2604 9.3187 9.8219 9.3186 8.2602 6.2194 5.7444 5.3439 4.8016 4.2142 4.3212 4.9299 5.4487 5.8091 6.0512 6.5946 7.2214 7.7961 8.3065 8.7497 9.1249 9.4325 9.6732 9.8470 9.9474 9.9069 9.7683 9.5645 9.2973 8.9686 8.5786 8.1252 7.6069 7.0255 6.3949 5.9651 5.7346 5.6867 5.9311 6.3367 6.9889 7.6007 8.1449 8.6124 9.0078 9.3377 9.6024 9.7980 9.8921 9.7863 9.5854 9.3130 8.9717 8.5630 8.0866 7.5437 6.9388 6.3088 5.9429 5.7049 5.3016 4.7562 4.3145 4.7335 5.2749 5.6839 5.9808 7.4741 8.8048 9.5111 9.6475 8.9903 7.7222 5.9937 5.6586 5.2126 4.6340 3.9861 3.3398 2.7656 2.3263 2.0700 2.0019 2.0000 2.0000 2.0000 2.0000 2.0000 2.0000 2.0000 2.0000 2.0000
2.0000 2.0000 2.0000 2.0000 2.0000 2.0000 2.0000 2.0000 2.0000 2.0001 2.0167 2.1702 2.5202 3.0311 3.6470 4.3005 4.9200 5.4380 5.7997 6.3692 8.3301 9.3172 9.7231 9.3096 8.2860 6.2840 5.7845 5.4198 4.9024 4.3019 4.2589 4.8469 5.3715 5.7543 5.9954 6.5079 7.1357 7.7084 8.2225 8.6740 9.0599 9.3782 9.6287 9.8129 9.9228 9.8708 9.7157 9.4974 9.2151 8.8668 8.4524 7.9740 7.4366 6.8458 6.2388 5.9140 5.6561 5.6211 5.8878 6.1935 6.8138 7.4161 7.9618 8.4508 8.8751 9.2293 9.5060 9.7071 9.8181 9.7011 9.4860 9.2043 8.8518 8.4231 7.9198 7.3501 6.7231 6.1251 5.8656 5.5694 5.1303 4.5927 4.3500 4.8764 5.3941 5.7658 6.1962 8.0477 9.0678 9.6940 9.6718 8.9904 7.7222 5.9937 5.6586 5.2126 4.6340 3.9861 3.3398 2.7656 2.3263 2.0700 2.0019 2.0000 2.0000 2.0000 2.0000 2.0000 2.0000 2.0000 2.0000 2.0000
2.0000 2.0000 2.0000 2.0000 2.0000 2.0000 2.0000 2.0000 2.0000 2.0001 2.0173 2.1731 2.5257 3.0394 3.6582 4.3143 4.9361 5.4555 5.8176 6.6292 8.5168 9.0548 9.1115 9.0457 8.5035 6.6133 5.8171 5.4551 4.9358 4.3237 4.1722 4.7560 5.3033 5.7095 5.9515 6.3731 7.0155 7.6013 8.1225 8.5774 8.9673 9.2940 9.5578 9.7579 9.8843 9.8267 9.6511 9.4121 9.1114 8.7486 8.3237 7.8357 7.2846 6.6760 6.0959 5.8485 5.5464 5.5143 5.8179 6.0360 6.5615 7.1967 7.7768 8.2868 8.7182 9.0634 9.3429 9.5771 9.7146 9.5771 9.3398 9.0419 8.6750 8.2433 7.7468 7.1787 6.5397 6.0125 5.7862 5.4320 4.9369 4.3780 4.4111 4.9872 5.4804 5.8230 6.5466 8.3840 9.2530 9.7937 9.6735 8.9903 7.7222 5.9937 5.6586 5.2126 4.6340 3.9861 3.3398 2.7656 2.3263 2.0700 2.0019 2.0000 2.0000 2.0000 2.0000 2.0000 2.0000 2.0000 2.0000 2.0000
2.0000 2.0000 2.0000 2.0000 2.0000 2.0000 2.0000 2.0000 2.0000 2.0001 2.0171 2.1720 2.5235 3.0362 3.6539 4.3090 4.9299 5.4486 5.8095 6.3627 7.4995 7.7900 7.7931 7.7927 7.7223 6.5076 5.8151 5.4535 4.9343 4.3174 4.0695 4.6357 5.2022 5.6421 5.9134 6.2387 6.8452 7.4335 7.9652 8.4358 8.8429 9.1839 9.4600 9.6764 9.8227 9.7617 9.5736 9.3221 9.0032 8.6176 8.1700 7.6627 7.0964 6.4840 6.0053 5.7826 5.4314 5.3523 5.7118 5.9491 6.3466 6.9725 7.5511 8.0531 8.4663 8.8319 9.1546 9.4197 9.5740 9.4283 9.1551 8.8310 8.4521 8.0042 7.4845 6.9048 6.3000 5.9425 5.7058 5.3066 4.7698 4.2243 4.4748 5.0716 5.5554 5.8781 6.9263 8.5526 9.2232 9.4584 9.5083 8.9874 7.7222 5.9937 5.6586 5.2126 4.6340 3.9861 3.3398 2.7656 2.3263 2.0700 2.0019 2.0000 2.0000 2.0000 2.0000 2.0000 2.0000 2.0000 2.0000 2.0000
2.0000 2.0000 2.0000 2.0000 2.0000 2.0000 2.0000 2.0000 2.0000 2.0000 2.0139 2.1559 2.4917 2.9876 3.5886 4.2281 4.8353 5.3433 5.6959 5.8669 5.9678 5.9965 5.9967 5.9968 5.9958 5.9296 5.7419 5.3867 4.8794 4.2919 3.9886 4.4986 5.0702 5.5342 5.8468 6.0855 6.6390 7.2425 7.7894 8.2673 8.6798 9.0340 9.3323 9.5727 9.7291 9.6512 9.4557 9.1899 8.8633 8.4774 8.0255 7.5007 6.9084 6.2881 5.9323 5.6849 5.2886 5.1915 5.5916 5.8724 6.1175 6.6723 7.2362 7.7203 8.1763 8.5862 8.9347 9.1964 9.3619 9.2453 8.9552 8.5890 8.1763 7.7131 7.1927 6.5980 6.0705 5.8470 5.5548 5.1251 4.5902 4.1513 4.4797 5.0620 5.5440 5.8621 6.6037 8.0365 8.4960 8.7151 8.9735 8.9197 7.7219 5.9937 5.6586 5.2126 4.6340 3.9861 3.3398 2.7656 2.3263 2.0700 2.0019 2.0000 2.0000 2.0000 2.0000 2.0000 2.0000 2.0000 2.0000 2.0000
2.0000 2.0000 2.0000 2.0000 2.0000 2.0000 2.0000 2.0000 2.0000 2.0001 2.0138 2.1367 2.4308 2.8764 3.4243 4.0166 4.5837 5.0612 5.3948 5.5723 5.6663 5.6921 5.7216 5.7505 5.7506 5.7157 5.5611 5.2810 4.9522 4.5446 4.1308 4.3141 4.8903 5.3947 5.7612 5.9842 6.4184 7.0083 7.5547 8.0462 8.4826 8.8620 9.1776 9.4300 9.5887 9.4905 9.2771 9.0169 8.6791 8.2713 7.8072 7.2880 6.7147 6.1487 5.8751 5.5768 5.1284 4.9812 5.4085 5.7547 5.9637 6.3009 6.8374 7.3778 7.8735 8.3027 8.6317 8.9023 9.0495 8.9713 8.6990 8.3391 7.8857 7.3788 6.8352 6.2788 5.9436 5.7197 5.3558 4.8752 4.4366 4.4688 4.7220 5.0483 5.4192 5.7119 5.9176 6.3181 6.6829 7.2083 8.0152 8.4594 7.6643 5.9904 5.6581 5.2121 4.6336 3.9858 3.3395 2.7654 2.3262 2.0699 2.0019 2.0000 2.0000 2.0000 2.0000 2.0000 2.0000 2.0000 2.0000 2.0000
2.0000 2.0000 2.0000 2.0000 2.0000 2.0000 2.0000 2.0000 2.0000 2.0021 2.0560 2.2485 2.5728 3.0046 3.4985 3.9984 4.4725 4.8797 5.2071 5.4634 5.6532 5.7661 5.8472 5.9008 5.9013 5.8592 5.7331 5.5889 5.3424 4.9607 4.5352 4.2794 4.7003 5.2323 5.6402 5.8974 6.1640 6.7192 7.2888 7.8064 8.2611 8.6469 8.9715 9.2345 9.3772 9.2688 9.0533 8.7645 8.4405 8.0406 7.5546 7.0097 6.4256 5.9959 5.7877 5.4537 4.9783 4.7384 5.1812 5.5718 5.8296 6.0216 6.4572 7.0212 7.5312 7.9188 8.2665 8.5175 8.6623 8.5962 8.3599 7.9972 7.5732 7.0506 6.4608 6.0216 5.8273 5.5470 5.1268 4.7022 4.7476 5.0026 5.2325 5.4109 5.5549 5.6279 5.7344 5.8123 5.8556 5.9382 6.2413 7.0691 6.9641 5.9158 5.6218 5.1764 4.6020 3.9595 3.3190 2.7509 2.3176 2.0666 2.0017 2.0000 2.0000 2.0000 2.0000 2.0000 2.0000 2.0000 2.0000 2.0000
2.0000 2.0000 2.0000 2.0000 2.0000 2.0000 2.0000 2.0000 2.0001 2.0155 2.1397 2.4227 2.8366 3.3318 3.8672 4.4011 4.8685 5.2498 5.5273 5.7486 5.8914 5.9877 6.0982 6.2353 6.2441 6.1009 5.9518 5.8543 5.6353 5.3350 4.9733 4.5616 4.5155 5.0027 5.4593 5.7881 5.9959 6.4256 7.0052 7.5245 7.9817 8.3774 8.7139 8.9678 9.0868 8.9750 8.7642 8.4827 8.1149 7.7233 7.2701 6.7185 6.1640 5.8975 5.6418 5.2447 4.7401 4.4534 4.8661 5.3023 5.6574 5.8923 6.1274 6.6335 7.0676 7.4763 7.8218 8.0438 8.2120 8.1352 7.9308 7.5864 7.1434 6.6581 6.1588 5.8981 5.6582 5.3003 4.8901 4.8944 5.2241 5.4592 5.6402 5.7639 5.8593 5.8779 5.8630 5.8257 5.7900 5.7724 5.8157 5.9351 5.9584 5.8019 5.4944 5.0257 4.4502 3.8265 3.2147 2.6778 2.2750 2.0516 2.0010 2.0000 2.0000 2.0000 2.0000 2.0000 2.0000 2.0000 2.0000 2.0000
2.0000 2.0000 2.0000 2.0000 2.0000 2.0000 2.0000 2.0000 2.0021 2.0577 2.2625 2.6193 3.0969 3.6516 4.2249 4.7595 5.2268 5.5803 5.8067 5.9421 6.1377 6.4659 6.7160 6.9279 6.9439 6.6506 6.3416 6.0041 5.8472 5.6496 5.3485 4.9533 4.5387 4.7471 5.2447 5.6418 5.8971 6.1530 6.6625 7.1855 7.6506 8.0646 8.3774 8.6254 8.7221 8.6095 8.3987 8.1264 7.7853 7.3324 6.8676 6.3821 5.9937 5.7880 5.4593 5.0026 4.4591 4.0979 4.5030 5.0045 5.4316 5.7484 5.9382 6.1615 6.5428 6.9720 7.2849 7.5012 7.6845 7.6115 7.3930 7.1040 6.6628 6.1961 5.9397 5.7618 5.4542 5.0333 4.9265 5.2620 5.5805 5.7849 5.8975 5.9848 6.1092 6.2070 6.1253 6.0702 5.9853 5.9154 5.8321 5.7645 5.6903 5.5549 5.2541 4.7996 4.2409 3.6488 3.0917 2.6209 2.2741 2.0718 2.0046 2.0000 2.0000 2.0000 2.0000 2.0000 2.0000 2.0000 2.0000 2.0000
2.0000 2.0000 2.0000 2.0000 2.0000 2.0000 2.0000 2.0001 2.0155 2.1398 2.4236 2.8454 3.3683 3.9465 4.5291 5.0625 5.4916 5.7900 5.9777 6.2557 6.6855 7.0894 7.3831 7.5846 7.5730 7.2757 6.8491 6.3518 6.0360 5.8610 5.6296 5.2650 4.8070 4.5740 5.0027 5.4543 5.7703 5.9642 6.2873 6.8000 7.2896 7.6512 7.9781 8.2012 8.2923 8.1686 7.9766 7.6841 7.3597 6.9612 6.4394 6.0347 5.8610 5.6276 5.2430 4.7383 4.1678 3.7524 4.1419 4.6745 5.1482 5.5093 5.7621 5.9091 6.0923 6.4039 6.6679 6.9055 7.0711 7.0204 6.7791 6.5190 6.1856 5.9398 5.7680 5.5103 5.1673 4.9378 5.2506 5.5829 5.8178 5.9757 6.1657 6.4239 6.6608 6.8448 6.7353 6.6398 6.4379 6.2229 6.0282 5.9006 5.7528 5.5227 5.1950 4.7889 4.3299 3.8423 3.3339 2.8657 2.4773 2.1868 2.0312 2.0006 2.0000 2.0000 2.0000 2.0000 2.0000 2.0000 2.0000 2.0000
2.0000 2.0000 2.0000 2.0000 2.0000 2.0000 2.0000 2.0018 2.0566 2.2622 2.6193 3.0969 3.6536 4.2405 4.8062 5.3011 5.6817 5.9188 6.2136 6.7769 7.2412 7.6465 7.9660 8.1616 8.1202 7.7955 7.3548 6.9370 6.4297 6.0029 5.8098 5.5221 5.1147 4.6464 4.7312 5.1933 5.5724 5.8295 6.0171 6.3936 6.8002 7.1949 7.4918 7.7027 7.7964 7.6625 7.4791 7.1937 6.8448 6.4794 6.0978 5.8906 5.6633 5.3494 4.9525 4.4461 3.8720 3.4326 3.7760 4.2997 4.7640 5.1640 5.4646 5.7104 5.8764 5.9836 6.0912 6.2870 6.3823 6.3630 6.1759 6.0265 5.9180 5.7670 5.5104 5.1703 4.8546 5.0747 5.5064 5.8058 5.9803 6.2913 6.7113 7.0208 7.2608 7.4365 7.3683 7.2554 7.0583 6.8021 6.4832 6.1253 5.9380 5.7680 5.5104 5.1689 4.7448 4.2380 3.7157 3.2018 2.7234 2.3380 2.0935 2.0063 2.0000 2.0000 2.0000 2.0000 2.0000 2.0000 2.0000 2.0000
2.0000 2.0000 2.0000 2.0000 2.0000 2.0000 2.0000 2.0091 2.1218 2.4086 2.8394 3.3674 3.9464 4.5292 5.0654 5.5082 5.8188 6.0352 6.5579 7.1851 7.7163 8.1247 8.4470 8.6541 8.5718 8.2257 7.8602 7.4174 6.8442 6.2555 5.9358 5.7181 5.3557 4.8753 4.5351 4.8675 5.3013 5.6445 5.8617 6.0171 6.2923 6.6726 6.9314 7.1373 7.2367 7.0963 6.9046 6.6582 6.3066 6.0399 5.8987 5.7119 5.4202 5.0095 4.5486 4.0692 3.5478 3.1234 3.3850 3.8529 4.3132 4.7169 5.0761 5.3979 5.6289 5.7611 5.8509 5.9237 5.9338 5.9329 5.8946 5.8059 5.6815 5.4871 5.1690 4.7965 4.8419 5.3012 5.6819 5.9207 6.2206 6.7468 7.2147 7.5674 7.8102 7.9656 7.9353 7.8144 7.6265 7.3651 7.0040 6.6184 6.1893 5.9395 5.7670 5.4890 5.0910 4.6239 4.0832 3.5086 2.9683 2.5173 2.1962 2.0319 2.0005 2.0000 2.0000 2.0000 2.0000 2.0000 2.0000 2.0000
2.0000 2.0000 2.0000 2.0000 2.0000 2.0000 2.0002 2.0233 2.1885 2.5376 3.0333 3.6190 4.2295 4.8047 5.3011 5.6819 5.9214 6.2510 6.8871 7.5089 8.0584 8.5094 8.8402 9.0517 8.9228 8.6242 8.2602 7.7809 7.2354 6.6325 6.0771 5.8471 5.5548 5.1252 4.6118 4.5347 4.9685 5.3492 5.6445 5.8298 5.9744 6.1218 6.3309 6.5168 6.6342 6.4839 6.2880 6.1378 5.9650 5.8450 5.6812 5.4298 5.0735 4.6454 4.1423 3.6312 3.1681 2.7937 2.9747 3.3936 3.8138 4.2131 4.6235 4.9643 5.2307 5.3951 5.5529 5.6514 5.6586 5.6581 5.6198 5.4712 5.2981 5.0624 4.7520 4.6283 5.0657 5.5081 5.8187 6.0288 6.5047 7.0924 7.6137 8.0219 8.2902 8.4419 8.4317 8.3094 8.1230 7.8414 7.5003 7.1069 6.6416 6.1795 5.9207 5.7148 5.3945 4.9368 4.3859 3.7995 3.2305 2.7282 2.3350 2.0877 2.0046 2.0000 2.0000 2.0000 2.0000 2.0000 2.0000 2.0000
2.0000 2.0000 2.0000 2.0000 2.0000 2.0000 2.0008 2.0468 2.2597 2.6512 3.1806 3.7938 4.4283 5.0165 5.4939 5.8170 6.0350 6.5590 7.2059 7.7955 8.3161 8.7658 9.1307 9.3486 9.2237 8.9405 8.5589 8.1091 7.5799 6.9680 6.3222 5.9437 5.7091 5.3214 4.8144 4.3669 4.5512 4.9685 5.3015 5.5819 5.7780 5.8736 5.9482 6.0102 6.0735 6.0052 5.9323 5.8747 5.7699 5.5791 5.3342 5.0391 4.6540 4.2023 3.7294 3.2418 2.7942 2.4770 2.6059 2.9466 3.3058 3.7126 4.0953 4.4453 4.6984 4.8950 5.1066 5.2059 5.2126 5.2121 5.1761 5.0032 4.7892 4.5319 4.3848 4.7598 5.2783 5.6771 5.9204 6.2256 6.8027 7.3729 7.8892 8.3416 8.6823 8.8586 8.8577 8.7375 8.5390 8.2574 7.9374 7.5398 7.0736 6.5422 6.0888 5.8715 5.5994 5.1866 4.6695 4.0925 3.5011 2.9441 2.4791 2.1597 2.0176 2.0001 2.0000 2.0000 2.0000 2.0000 2.0000 2.0000
2.0000 2.0000 2.0000 2.0000 2.0000 2.0000 2.0029 2.0802 2.3408 2.7720 3.3283 3.9532 4.5832 5.1522 5.6008 5.8879 6.2083 6.8705 7.5052 8.0639 8.5501 8.9658 9.3109 9.5519 9.4527 9.1695 8.8131 8.3757 7.8615 7.2684 6.6004 6.0407 5.8197 5.5083 5.0651 4.5303 4.2066 4.4995 4.8752 5.2233 5.4316 5.5919 5.7085 5.7837 5.8151 5.7820 5.6849 5.5768 5.4486 5.1936 4.8842 4.5446 4.1730 3.7360 3.2871 2.8704 2.4994 2.2324 2.3034 2.5462 2.8602 3.2045 3.5499 3.8620 4.0910 4.3178 4.5402 4.6282 4.6340 4.6336 4.6020 4.4410 4.2001 4.0695 4.4169 4.9793 5.4552 5.7911 6.0069 6.4855 7.0889 7.6375 8.1267 8.5590 8.9313 9.1892 9.2122 9.0912 8.8810 8.6262 8.2994 7.8953 7.4394 6.9365 6.3591 5.9687 5.7550 5.4069 4.9262 4.3471 3.7273 3.1343 2.6300 2.2599 2.0523 2.0013 2.0000 2.0000 2.0000 2.0000 2.0000 2.0000
2.0000 2.0000 2.0000 2.0000 2.0000 2.0000 2.0062 2.1104 2.4062 2.8723 3.4584 4.1006 4.7289 5.2765 5.6885 5.9395 6.3651 7.0586 7.7052 8.2734 8.7525 9.1443 9.4570 9.6799 9.6082 9.3478 9.0073 8.5854 8.0830 7.5141 6.8877 6.2510 5.9210 5.6770 5.2775 4.7479 4.1703 4.0232 4.4008 4.7278 4.9477 5.1553 5.3071 5.4194 5.4547 5.4184 5.2798 5.1210 4.9746 4.7147 4.3676 4.0046 3.6407 3.2661 2.8747 2.5261 2.2548 2.0809 2.0958 2.2507 2.4775 2.7396 3.0244 3.2701 3.4756 3.7136 3.9080 3.9813 3.9861 3.9858 3.9595 3.8276 3.7282 4.1030 4.6697 5.1881 5.6057 5.8834 6.1546 6.7273 7.3163 7.8588 8.3398 8.7520 9.1009 9.3862 9.4889 9.3663 9.1740 8.9176 8.5862 8.2080 7.7617 7.2349 6.6529 6.1097 5.8642 5.5662 5.1147 4.5563 3.9529 3.3579 2.8170 2.3838 2.1067 2.0067 2.0000 2.0000 2.0000 2.0000 2.0000 2.0000
2.0000 2.0000 2.0000 2.0000 2.0000 2.0000 2.0123 2.1478 2.4757 2.9642 3.5603 4.2003 4.8185 5.3518 5.7451 5.9931 6.5337 7.2257 7.8557 8.4082 8.8783 9.2652 9.5678 9.7732 9.7150 9.4736 9.1551 8.7686 8.3162 7.7948 7.2004 6.5376 6.0104 5.7845 5.4311 4.9366 4.3522 3.8261 3.8697 4.1393 4.3808 4.6009 4.7695 4.9022 4.9353 4.9019 4.7479 4.5544 4.3880 4.1588 3.8217 3.4635 3.1229 2.8097 2.5139 2.2568 2.0842 2.0110 2.0106 2.0687 2.1898 2.3661 2.5621 2.7379 2.9168 3.1275 3.2790 3.3360 3.3398 3.3395 3.3221 3.3359 3.7359 4.3472 4.9262 5.4069 5.7550 5.9687 6.3622 6.9657 7.5435 8.0604 8.5117 8.9059 9.2415 9.5123 9.6713 9.5820 9.3954 9.1414 8.8346 8.4552 8.0066 7.4910 6.9063 6.2893 5.9327 5.6895 5.3005 4.7891 4.1934 3.5735 2.9944 2.5138 2.1792 2.0220 2.0002 2.0000 2.0000 2.0000 2.0000 2.0000
2.0000 2.0000 2.0000 2.0000 2.0000 2.0001 2.0179 2.1736 2.5237 3.0334 3.6483 4.3009 4.9201 5.4380 5.7991 6.0374 6.6308 7.3388 7.9693 8.5137 8.9723 9.3451 9.6334 9.8277 9.7914 9.5866 9.3109 8.9638 8.5395 8.0301 7.4377 6.7739 6.1353 5.8657 5.5694 5.1304 4.5890 3.9861 3.5076 3.5365 3.7733 3.9839 4.1523 4.2850 4.3137 4.2850 4.1407 3.9353 3.7546 3.5625 3.2826 2.9628 2.6706 2.4233 2.2258 2.0802 2.0110 2.0002 2.0001 2.0046 2.0357 2.1133 2.2179 2.3266 2.4651 2.6171 2.7227 2.7629 2.7656 2.7729 2.8937 3.3295 3.9347 4.5518 5.1143 5.5662 5.8642 6.1097 6.6529 7.2351 7.7665 8.2465 8.6766 9.0491 9.3578 9.6054 9.7778 9.7331 9.5572 9.3206 9.0135 8.6372 8.1921 7.6824 7.1149 6.5084 6.0248 5.8055 5.4663 4.9820 4.4002 3.7779 3.1744 2.6491 2.2580 2.0453 2.0007 2.0000 2.0000 2.0000 2.0000 2.0000
2.0000 2.0000 2.0000 2.0000 2.0000 2.0002 2.0287 2.2125 2.5850 3.1062 3.7200 4.3613 4.9637 5.4671 5.8186 6.0964 6.7743 7.4624 8.0672 8.5915 9.0352 9.3963 9.6733 9.8611 9.8631 9.6945 9.4456 9.1152 8.7037 8.2128 7.6446 7.0042 6.3316 5.9441 5.7090 5.3184 4.7962 4.1947 3.5770 3.1355 3.1821 3.3638 3.5192 3.6345 3.6577 3.6345 3.5152 3.3239 3.1455 2.9905 2.7818 2.5398 2.3193 2.1544 2.0516 2.0077 2.0002 2.0000 2.0000 2.0000 2.0009 2.0097 2.0355 2.0797 2.1559 2.2398 2.3009 2.3248 2.3379 2.4957 2.9343 3.5152 4.1408 4.7479 5.2798 5.6848 5.9324 6.2892 6.9063 7.4910 8.0066 8.4559 8.8464 9.1817 9.4636 9.6884 9.8459 9.8306 9.6681 9.4360 9.1380 8.7769 8.3583 7.8859 7.3511 6.7511 6.1587 5.8827 5.5961 5.1481 4.5761 3.9378 3.3021 2.7390 2.3105 2.0639 2.0015 2.0000 2.0000 2.0000 2.0000 2.0000
2.0000 2.0000 2.0000 2.0000 2.0000 2.0004 2.0366 2.2402 2.6347 3.1777 3.8097 4.4613 5.0615 5.5447 5.8611 6.1406 6.8140 7.5081 8.1222 8.6500 9.0903 9.4431 9.7084 9.8858 9.9133 9.7702 9.5425 9.2358 8.8507 8.3914 7.8653 7.2686 6.5990 6.0362 5.8064 5.4664 4.9820 4.4003 3.7790 3.1828 2.7872 2.8066 2.9336 3.0217 3.0390 3.0217 2.9328 2.7790 2.6262 2.5084 2.3720 2.2224 2.0950 2.0236 2.0023 2.0001 2.0000 2.0000 2.0000 2.0000 2.0000 2.0000 2.0005 2.0037 2.0168 2.0394 2.0604 2.0792 2.2007 2.5415 3.0457 3.6508 4.2935 4.9052 5.4193 5.7821 6.0058 6.4903 7.1099 7.6818 8.1920 8.6372 9.0136 9.3233 9.5720 9.7639 9.8961 9.8843 9.7368 9.5256 9.2558 8.9266 8.5322 8.0700 7.5426 6.9537 6.3250 5.9300 5.6564 5.2106 4.6323 3.9847 3.3386 2.7648 2.3259 2.0698 2.0019 2.0000 2.0000 2.0000 2.0000 2.0000
2.0000 2.0000 2.0000 2.0000 2.0000 2.0004 2.0377 2.2436 2.6409 3.1868 3.8215 4.4758 5.0780 5.5624 5.8780 6.2342 6.9544 7.6212 8.2060 8.7101 9.1334 9.4737 9.7297 9.8996 9.9445 9.8288 9.6290 9.3549 9.0087 8.5849 8.0775 7.4904 6.8310 6.1772 5.8831 5.5978 5.1568 4.6010 3.9838 3.3631 2.8044 2.4550 2.4578 2.5140 2.5254 2.5140 2.4559 2.3539 2.2481 2.1724 2.1046 2.0429 2.0083 2.0004 2.0000 2.0000 2.0000 2.0000 2.0000 2.0000 2.0000 2.0000 2.0000 2.0000 2.0001 2.0005 2.0025 2.0540 2.2717 2.6610 3.1851 3.7952 4.4295 5.0202 5.5043 5.8335 6.0857 6.6790 7.2977 7.8552 8.3477 8.7748 9.1378 9.4360 9.6685 9.8360 9.9394 9.9234 9.8011 9.6152 9.3633 9.0421 8.6508 8.1877 7.6525 7.0445 6.3711 5.9335 5.6586 5.2126 4.6340 3.9861 3.3398 2.7656 2.3263 2.0700 2.0019 2.0000 2.0000 2.0000 2.0000 2.0000
2.0000 2.0000 2.0000 2.0000 2.0000 2.0004 2.0377 2.2437 2.6410 3.1868 3.8216 4.4759 5.0781 5.5625 5.8781 6.2379 6.9743 7.6595 8.2563 8.7645 9.1841 9.5160 9.7602 9.9177 9.9682 9.8836 9.7171 9.4721 9.1465 8.7410 8.2567 7.6946 7.0577 6.3749 5.9498 5.7077 5.3032 4.7590 4.1329 3.4932 2.9075 2.4386 2.1885 2.1679 2.1729 2.1671 2.1382 2.0903 2.0447 2.0191 2.0066 2.0010 2.0000 2.0000 2.0000 2.0000 2.0000 2.0000 2.0000 2.0000 2.0000 2.0000 2.0000 2.0000 2.0000 2.0000 2.0037 2.0888 2.3602 2.8015 3.3631 3.9839 4.6016 5.1591 5.6023 5.8879 6.1884 6.8032 7.4139 7.9693 8.4603 8.8833 9.2365 9.5198 9.7356 9.8860 9.9692 9.9491 9.8356 9.6510 9.3950 9.0676 8.6691 8.1993 7.6584 7.0464 6.3714 5.9335 5.6586 5.2126 4.6340 3.9861 3.3398 2.7656 2.3263 2.0700 2.0019 2.0000 2.0000 2.0000 2.0000 2.0000
2.0000 2.0000 2.0000 2.0000 2.0000 2.0004 2.0377 2.2437 2.6410 3.1868 3.8216 4.4759 5.0781 5.5625 5.8781 6.2379 6.9744 7.6597 8.2569 8.7661 9.1871 9.5201 9.7649 9.9217 9.9830 9.9275 9.7857 9.5646 9.2642 8.8847 8.4255 7.8853 7.2654 6.5718 6.0047 5.7673 5.3955 4.8766 4.2617 3.6155 3.0078 2.5055 2.1644 2.0280 2.0173 2.0161 2.0107 2.0043 2.0008 2.0001 2.0000 2.0000 2.0000 2.0000 2.0000 2.0000 2.0000 2.0000 2.0000 2.0000 2.0000 2.0000 2.0000 2.0000 2.0000 2.0000 2.0090 2.1278 2.4361 2.9075 3.4932 4.1329 4.7590 5.3032 5.7077 5.9484 6.3385 6.9627 7.5560 8.0910 8.5610 8.9647 9.3025 9.5745 9.7796 9.9166 9.9827 9.9514 9.8372 9.6519 9.3954 9.0678 8.6691 8.1993 7.6584 7.0464 6.3714 5.9335 5.6586 5.2126 4.6340 3.9861 3.3398 2.7656 2.3263 2.0700 2.0019 2.0000 2.0000 2.0000 2.0000 2.0000
2.0000 2.0000 2.0000 2.0000 2.0000 2.0004 2.0377 2.2437 2.6410 3.1868 3.8216 4.4759 5.0781 5.5625 5.8781 6.2379 6.9744 7.6597 8.2569 8.7661 9.1871 9.5201 9.7649 9.9217 9.9886 9.9573 9.8411 9.6438 9.3631 8.9964 8.5436 8.0072 7.3923 6.7106 6.0802 5.8145 5.4572 4.9453 4.3355 3.6917 3.0800 2.5654 2.2011 2.0257 2.0002 2.0001 2.0000 2.0000 2.0000 2.0000 2.0000 2.0000 2.0000 2.0000 2.0000 2.0000 2.0000 2.0000 2.0000 2.0000 2.0000 2.0000 2.0000 2.0000 2.0000 2.0001 2.0155 2.1633 2.5055 3.0078 3.6155 4.2617 4.8766 5.3955 5.7673 6.0004 6.5162 7.1485 7.7218 8.2310 8.6754 9.0572 9.3763 9.6303 9.8177 9.9382 9.9884 9.9496 9.8350 9.6498 9.3940 9.0670 8.6688 8.1992 7.6584 7.0464 6.3714 5.9335 5.6586 5.2126 4.6340 3.9861 3.3398 2.7656 2.3263 2.0700 2.0019 2.0000 2.0000 2.0000 2.0000 2.0000
2.0000 2.0000 2.0000 2.0000 2.0000 2.0004 2.0377 2.2437 2.6410 3.1868 3.8216 4.4759 5.0781 5.5625 5.8781 6.2379 6.9743 7.6595 8.2563 8.7645 9.1841 9.5160 9.7602 9.9179 9.9891 9.9750 9.8764 9.6928 9.4246 9.0716 8.6333 8.1090 7.4963 6.7967 6.1159 5.8476 5.5270 5.0440 4.4471 3.8007 3.1751 2.6384 2.2467 2.0405 2.0005 2.0000 2.0000 2.0000 2.0000 2.0000 2.0000 2.0000 2.0000 2.0000 2.0000 2.0000 2.0000 2.0000 2.0000 2.0000 2.0000 2.0000 2.0000 2.0000 2.0000 2.0002 2.0260 2.2016 2.5657 3.0801 3.6917 4.3355 4.9453 5.4572 5.8145 6.0701 6.6422 7.2651 7.8358 8.3437 8.7841 9.1548 9.4554 9.6882 9.8556 9.9581 9.9900 9.9381 9.8143 9.6214 9.3601 9.0310 8.6352 8.1722 7.6408 7.0387 6.3699 5.9335 5.6586 5.2126 4.6340 3.9861 3.3398 2.7656 2.3263 2.0700 2.0019 2.0000 2.0000 2.0000 2.0000 2.0000
2.0000 2.0000 2.0000 2.0000 2.0000 2.0004 2.0377 2.2436 2.6409 3.1868 3.8215 4.4758 5.0780 5.5624 5.8780 6.2342 6.9544 7.6212 8.2060 8.7101 9.1333 9.4735 9.7292 9.8995 9.9839 9.9829 9.8961 9.7226 9.4628 9.1175 8.6881 8.1773 7.5888 6.9268 6.2261 5.8824 5.5831 5.1240 4.5474 3.9103 3.2797 2.7230 2.3011 2.0605 2.0014 2.0000 2.0000 2.0000 2.0000 2.0000 2.0000 2.0000 2.0000 2.0000 2.0000 2.0000 2.0000 2.0000 2.0000 2.0000 2.0000 2.0000 2.0000 2.0000 2.0000 2.0007 2.0454 2.2591 2.6540 3.1895 3.8107 4.4523 5.0459 5.5275 5.8476 6.1029 6.7205 7.3610 7.9313 8.4299 8.8589 9.2189 9.5106 9.7340 9.8886 9.9747 9.9903 9.9305 9.7994 9.5974 9.3247 8.9814 8.5680 8.0853 7.5354 6.9245 6.2892 5.9240 5.6515 5.2059 4.6282 3.9813 3.3360 2.7629 2.3247 2.0693 2.0019 2.0000 2.0000 2.0000 2.0000 2.0000
2.0000 2.0000 2.0000 2.0000 2.0000 2.0004 2.0366 2.2402 2.6347 3.1777 3.8097 4.4613 5.0615 5.5447 5.8611 6.1405 6.8131 7.5044 8.1137 8.6363 9.0734 9.4252 9.6922 9.8749 9.9739 9.9880 9.9149 9.7567 9.5136 9.1847 8.7701 8.2693 7.6837 7.0204 6.3211 5.9247 5.6518 5.2077 4.6338 3.9929 3.3545 2.7856 2.3459 2.0814 2.0029 2.0000 2.0000 2.0000 2.0000 2.0000 2.0000 2.0000 2.0000 2.0000 2.0000 2.0000 2.0000 2.0000 2.0000 2.0000 2.0000 2.0000 2.0000 2.0000 2.0000 2.0018 2.0670 2.3147 2.7423 3.3039 3.9388 4.5776 5.1517 5.6022 5.8896 6.2066 6.8400 7.4469 7.9959 8.4829 8.9048 9.2592 9.5448 9.7609 9.9069 9.9829 9.9898 9.9275 9.7953 9.5925 9.3190 8.9741 8.5581 8.0707 7.5121 6.8825 6.2146 5.8828 5.5836 5.1244 4.5478 3.9106 3.2798 2.7229 2.3009 2.0603 2.0014 2.0000 2.0000 2.0000 2.0000 2.0000
2.0000 2.0000 2.0000 2.0000 2.0000 2.0002 2.0287 2.2124 2.5846 3.1054 3.7188 4.3597 4.9619 5.4651 5.8165 6.0804 6.7102 7.3899 8.0014 8.5336 8.9832 9.3505 9.6362 9.8393 9.9587 9.9914 9.9326 9.7874 9.5572 9.2427 8.8451 8.3643 7.7989 7.1467 6.4140 5.9431 5.6907 5.2784 4.7299 4.1005 3.4571 2.8694 2.4021 2.1067 2.0055 2.0000 2.0000 2.0000 2.0000 2.0000 2.0000 2.0001 2.0001 2.0002 2.0004 2.0004 2.0004 2.0003 2.0001 2.0000 2.0000 2.0000 2.0000 2.0000 2.0000 2.0043 2.0955 2.3769 2.8297 3.4045 4.0397 4.6698 5.2296 5.6624 5.9308 6.3258 6.9592 7.5578 8.0981 8.5728 8.9792 9.3170 9.5865 9.7883 9.9222 9.9878 9.9843 9.9120 9.7712 9.5617 9.2839 8.9382 8.5256 8.0459 7.4971 6.8766 6.2130 5.8779 5.5626 5.0786 4.4776 3.8259 3.1941 2.6511 2.2532 2.0423 2.0006 2.0000 2.0000 2.0000 2.0000 2.0000
2.0000 2.0000 2.0000 2.0000 2.0000 2.0001 2.0165 2.1664 2.5084 3.0098 3.6165 4.2617 4.8757 5.3939 5.7656 5.9993 6.5366 7.2284 7.8610 8.4175 8.8916 9.2808 9.5851 9.8049 9.9407 9.9913 9.9478 9.8153 9.5961 9.2901 8.8980 8.4210 7.8620 7.2277 6.5339 5.9927 5.7411 5.3367 4.7860 4.1492 3.4961 2.8978 2.4200 2.1148 2.0064 2.0000 2.0000 2.0003 2.0021 2.0073 2.0138 2.0171 2.0185 2.0287 2.0366 2.0377 2.0373 2.0315 2.0192 2.0107 2.0052 2.0022 2.0005 2.0000 2.0000 2.0062 2.1129 2.4157 2.8911 3.4868 4.1375 4.7722 5.3213 5.7258 5.9655 6.4061 7.0594 7.6606 8.1930 8.6556 9.0489 9.3742 9.6313 9.8203 9.9408 9.9927 9.9757 9.8896 9.7349 9.5122 9.2222 8.8647 8.4392 7.9456 7.3844 6.7634 6.1557 5.8705 5.5554 5.0716 4.4702 3.8170 3.1833 2.6386 2.2423 2.0373 2.0004 2.0000 2.0000 2.0000 2.0000 2.0000
2.0000 2.0000 2.0000 2.0000 2.0000 2.0000 2.0090 2.1274 2.4341 2.9014 3.4805 4.1130 4.7345 5.2792 5.6904 5.9422 6.3941 7.0998 7.7422 8.3094 8.7961 9.1999 9.5200 9.7561 9.9092 9.9827 9.9584 9.8384 9.6334 9.3435 8.9692 8.5089 7.9617 7.3251 6.5997 6.0006 5.7433 5.3387 4.7878 4.1508 3.4973 2.8987 2.4206 2.1151 2.0066 2.0014 2.0087 2.0286 2.0655 2.1156 2.1558 2.1720 2.1764 2.2125 2.2402 2.2436 2.2423 2.2224 2.1768 2.1385 2.1029 2.0715 2.0354 2.0103 2.0018 2.0066 2.1151 2.4206 2.8987 3.4972 4.1507 4.7878 5.3386 5.7432 5.9958 6.5322 7.1787 7.7574 8.2713 8.7206 9.1039 9.4201 9.6677 9.8461 9.9552 9.9947 9.9656 9.8689 9.7035 9.4686 9.1641 8.7901 8.3471 7.8374 7.2657 6.6426 6.0713 5.8217 5.4804 4.9872 4.3901 3.7488 3.1307 2.6025 2.2224 2.0314 2.0003 2.0000 2.0000 2.0000 2.0000 2.0000
2.0000 2.0000 2.0000 2.0000 2.0000 2.0000 2.0032 2.0821 2.3435 2.7773 3.3392 3.9717 4.6078 5.1788 5.6235 5.9012 6.2423 6.9328 7.5909 8.1753 8.6775 9.0918 9.4211 9.6744 9.8560 9.9619 9.9595 9.8438 9.6421 9.3544 8.9802 8.5179 7.9673 7.3275 6.6002 6.0006 5.7433 5.3387 4.7878 4.1508 3.4973 2.8987 2.4206 2.1156 2.0209 2.0524 2.1140 2.2004 2.2986 2.4087 2.4916 2.5235 2.5293 2.5851 2.6347 2.6409 2.6385 2.6026 2.5249 2.4575 2.3920 2.3189 2.2181 2.1237 2.0566 2.0208 2.1155 2.4206 2.8987 3.4973 4.1508 4.7878 5.3387 5.7433 5.9964 6.5420 7.2060 7.7999 8.3222 8.7728 9.1517 9.4594 9.6970 9.8648 9.9639 9.9919 9.9447 9.8316 9.6539 9.4101 9.0982 8.7181 8.2707 7.7576 7.1796 6.5347 6.0022 5.7677 5.3960 4.8776 4.2642 3.6210 3.0175 2.5178 2.1741 2.0189 2.0001 2.0000 2.0000 2.0000 2.0000 2.0000
2.0000 2.0000 2.0000 2.0000 2.0000 2.0000 2.0010 2.0514 2.2749 2.6780 3.2166 3.8337 4.4669 5.0524 5.5290 5.8474 6.1096 6.7547 7.4169 7.9949 8.4950 8.9275 9.2921 9.5809 9.7922 9.9265 9.9324 9.8002 9.5845 9.2865 8.9044 8.4384 7.8907 7.2662 6.5693 5.9981 5.7428 5.3383 4.7874 4.1504 3.4970 2.8985 2.4205 2.1337 2.1402 2.2582 2.3893 2.5449 2.6988 2.8602 2.9876 3.0362 3.0417 3.1062 3.1777 3.1868 3.1833 3.1309 3.0302 2.9383 2.8520 2.7343 2.5659 2.4091 2.2620 2.1355 2.1307 2.4206 2.8987 3.4973 4.1508 4.7878 5.3387 5.7433 5.9963 6.5395 7.1961 7.7801 8.2941 8.7403 9.1186 9.4287 9.6696 9.8428 9.9497 9.9777 9.9175 9.7865 9.5878 9.3232 8.9953 8.6045 8.1484 7.6257 7.0383 6.4001 5.9653 5.7259 5.3226 4.7765 4.1474 3.5039 2.9136 2.4388 2.1286 2.0091 2.0000 2.0000 2.0000 2.0000 2.0000 2.0000
2.0000 2.0000 2.0000 2.0000 2.0000 2.0000 2.0002 2.0281 2.2051 2.5656 3.0736 3.6758 4.3106 4.9136 5.4212 5.7792 5.9989 6.4783 7.1342 7.7483 8.2963 8.7637 9.1543 9.4714 9.7063 9.8573 9.8716 9.7247 9.4947 9.1785 8.7785 8.2991 7.7397 7.1025 6.4045 5.9524 5.7091 5.3027 4.7548 4.1227 3.4750 2.8825 2.4151 2.2530 2.4154 2.6180 2.8185 3.0237 3.2266 3.4219 3.5887 3.6539 3.6595 3.7201 3.8097 3.8215 3.8170 3.7494 3.6397 3.5304 3.4323 3.2694 3.0475 2.8395 2.6161 2.3955 2.2369 2.4216 2.8958 3.4932 4.1457 4.7817 5.3319 5.7362 5.9792 6.4416 7.0803 7.6721 8.1948 8.6443 9.0261 9.3448 9.6001 9.7878 9.8956 9.9132 9.8541 9.7190 9.5117 9.2377 8.8928 8.4775 7.9961 7.4538 6.8565 6.2420 5.9140 5.6465 5.2146 4.6580 4.0328 3.4014 2.8288 2.3769 2.0958 2.0043 2.0000 2.0000 2.0000 2.0000 2.0000 2.0000
2.0000 2.0000 2.0000 2.0000 2.0000 2.0000 2.0000 2.0123 2.1428 2.4598 2.9345 3.5151 4.1362 4.7303 5.2442 5.6438 5.9026 6.2213 6.8760 7.5119 8.0828 8.5839 8.9954 9.3152 9.5558 9.7270 9.7485 9.5923 9.3447 9.0284 8.6338 8.1394 7.5521 6.8918 6.2222 5.8994 5.6234 5.1835 4.6202 3.9930 3.3659 2.8027 2.4406 2.5425 2.8109 3.0941 3.3567 3.5896 3.8290 4.0387 4.2284 4.3090 4.3148 4.3613 4.4613 4.4758 4.4702 4.3913 4.2873 4.1713 4.0686 3.8649 3.6226 3.3669 3.0772 2.7752 2.5032 2.4411 2.8517 3.4326 4.0707 4.6982 5.2503 5.6724 5.9329 6.3229 6.9387 7.5112 8.0319 8.4981 8.9018 9.2352 9.4934 9.6710 9.7629 9.7767 9.7195 9.5943 9.3894 9.1009 8.7519 8.3392 7.8549 7.3001 6.6846 6.0973 5.8485 5.5354 5.0707 4.4986 3.8720 3.2538 2.7103 2.2993 2.0628 2.0017 2.0000 2.0000 2.0000 2.0000 2.0000 2.0000
2.0000 2.0000 2.0000 2.0000 2.0000 2.0000 2.0000 2.0043 2.0902 2.3523 2.7698 3.2941 3.8742 4.4676 5.0288 5.4966 5.8182 6.0406 6.6004 7.2680 7.8530 8.3412 8.7485 9.0779 9.3431 9.5135 9.5441 9.3873 9.1396 8.7922 8.3799 7.9052 7.3500 6.7009 6.0853 5.8320 5.5049 5.0284 4.4507 3.8269 3.2157 2.7086 2.6730 2.9627 3.2901 3.6351 3.9439 4.1974 4.4419 4.6510 4.8378 4.9299 4.9363 4.9638 5.0615 5.0780 5.0716 4.9887 4.9031 4.7955 4.6905 4.4662 4.2298 3.9400 3.5961 3.2410 2.8924 2.6151 2.7628 3.3098 3.9415 4.5773 5.1469 5.5902 5.8735 6.1241 6.7005 7.3070 7.8570 8.3354 8.7316 9.0589 9.3041 9.4687 9.5572 9.5705 9.5153 9.3816 9.2036 8.9313 8.5590 8.1267 7.6375 7.0889 6.4852 6.0056 5.7826 5.4221 4.9139 4.3119 3.6813 3.0865 2.5837 2.2203 2.0335 2.0004 2.0000 2.0000 2.0000 2.0000 2.0000 2.0000
2.0000 2.0000 2.0000 2.0000 2.0000 2.0000 2.0000 2.0008 2.0409 2.2266 2.5703 3.0484 3.6227 4.2312 4.8120 5.3213 5.7091 5.9437 6.3206 6.9426 7.5135 8.0086 8.4269 8.7827 9.0501 9.2059 9.2631 9.0937 8.8496 8.5171 8.0717 7.5609 6.9928 6.3878 5.9705 5.7518 5.3879 4.8775 4.2716 3.6377 3.0481 2.7700 3.0694 3.4575 3.8221 4.1863 4.5245 4.7892 5.0033 5.1983 5.3562 5.4486 5.4556 5.4672 5.5447 5.5624 5.5554 5.4821 5.4200 5.3370 5.2309 5.0287 4.8039 4.4992 4.1390 3.7461 3.3634 2.9845 2.7923 3.1754 3.7721 4.3807 4.9478 5.4327 5.7846 6.0058 6.4853 7.0874 7.6204 8.0838 8.4929 8.7973 9.0324 9.1911 9.2824 9.2972 9.2369 9.1084 8.9061 8.6832 8.3416 7.8892 7.3729 6.8027 6.2256 5.9204 5.6770 5.2774 4.7476 4.1408 3.5157 2.9347 2.4603 2.1441 2.0131 2.0000 2.0000 2.0000 2.0000 2.0000 2.0000 2.0000
2.0000 2.0000 2.0000 2.0000 2.0000 2.0000 2.0000 2.0000 2.0106 2.1239 2.4094 2.8426 3.3831 3.9860 4.5883 5.1251 5.5544 5.8427 6.0481 6.5381 7.0959 7.6086 8.0548 8.4035 8.6616 8.8138 8.8886 8.7420 8.4552 8.1430 7.7288 7.1889 6.5911 6.0758 5.8611 5.5965 5.1862 4.6668 4.0781 3.4680 2.9686 3.0808 3.5089 3.9610 4.3656 4.7180 5.0419 5.2977 5.4712 5.6260 5.7369 5.8089 5.8160 5.8186 5.8606 5.8770 5.8700 5.8233 5.7842 5.7370 5.6420 5.4964 5.2929 5.0039 4.6538 4.2731 3.8572 3.4593 3.0800 3.0242 3.5309 4.1441 4.7480 5.2775 5.6770 5.9204 6.2210 6.7639 7.3080 7.8002 8.1541 8.4516 8.6907 8.8432 8.9403 8.9592 8.8838 8.7726 8.5528 8.3003 8.0219 7.6137 7.0924 6.5047 6.0288 5.8187 5.5081 5.0650 4.5246 3.9260 3.3223 2.7788 2.3538 2.0904 2.0043 2.0000 2.0000 2.0000 2.0000 2.0000 2.0000 2.0000
2.0000 2.0000 2.0000 2.0000 2.0000 2.0000 2.0000 2.0000 2.0018 2.0581 2.2743 2.6543 3.1559 3.7252 4.3131 4.8680 5.3329 5.6812 5.8992 6.1209 6.6419 7.1731 7.5813 7.9442 8.1739 8.3421 8.4235 8.2942 8.0161 7.6506 7.2765 6.7891 6.2139 5.9213 5.7057 5.3670 4.9211 4.3834 3.7993 3.2463 3.1163 3.5092 3.9699 4.4321 4.8597 5.1933 5.4626 5.6768 5.8058 5.8942 5.9579 6.0188 6.0400 6.0403 6.0654 6.1157 6.0838 6.0377 5.9927 5.9669 5.9009 5.8163 5.6571 5.4224 5.1207 4.7627 4.3698 3.9610 3.5091 3.1302 3.3338 3.9260 4.5246 5.0650 5.5065 5.8090 6.0009 6.4279 6.9723 7.3780 7.7325 8.0426 8.2695 8.4284 8.5318 8.5546 8.4604 8.3575 8.1506 7.8593 7.5686 7.2147 6.7468 6.2206 5.9207 5.6819 5.3011 4.8062 4.2405 3.6533 3.0942 2.6089 2.2448 2.0445 2.0008 2.0000 2.0000 2.0000 2.0000 2.0000 2.0000 2.0000
2.0000 2.0000 2.0000 2.0000 2.0000 2.0000 2.0000 2.0000 2.0002 2.0205 2.1645 2.4689 2.9059 3.4353 3.9995 4.5444 5.0391 5.4320 5.7303 5.9332 6.1985 6.6004 7.0409 7.4008 7.5966 7.7926 7.8758 7.7395 7.5125 7.1105 6.6938 6.2948 5.9785 5.7900 5.4933 5.0818 4.5887 4.0494 3.4992 3.1538 3.4870 3.9681 4.4323 4.8710 5.2615 5.5710 5.7705 5.9046 6.0006 6.0926 6.2195 6.3392 6.4079 6.4102 6.4233 6.4954 6.4397 6.3891 6.3141 6.2401 6.1096 5.9969 5.8898 5.7300 5.5049 5.1991 4.8597 4.4321 3.9699 3.5115 3.2597 3.6561 4.2392 4.7944 5.2664 5.6429 5.8896 6.0992 6.4859 6.8780 7.2503 7.5644 7.7777 7.9428 8.0576 8.0821 7.9693 7.8619 7.6885 7.3782 7.0376 6.7113 6.2913 5.9803 5.8058 5.5064 5.0654 4.5292 3.9465 3.3683 2.8454 2.4234 2.1390 2.0145 2.0001 2.0000 2.0000 2.0000 2.0000 2.0000 2.0000 2.0000
2.0000 2.0000 2.0000 2.0000 2.0000 2.0000 2.0000 2.0000 2.0000 2.0037 2.0743 2.2981 2.6623 3.1221 3.6407 4.1733 4.6624 5.1210 5.5043 5.7669 5.9213 6.1010 6.4411 6.7539 6.9463 7.1674 7.2557 7.1025 6.8861 6.5626 6.1409 5.9506 5.8152 5.5806 5.2268 4.7598 4.2322 3.6866 3.2192 3.3448 3.8672 4.4011 4.8687 5.2617 5.5832 5.8174 5.9561 6.0850 6.2769 6.4340 6.5820 6.7060 6.7918 6.7996 6.8062 6.8616 6.8155 6.7617 6.7001 6.5954 6.4527 6.2517 6.0527 5.9287 5.7763 5.5711 5.2615 4.8710 4.4324 3.9729 3.5648 3.4602 3.9138 4.4670 4.9946 5.4196 5.7119 5.8987 6.0443 6.3536 6.7140 7.0036 7.2317 7.3842 7.5176 7.5433 7.4139 7.3000 7.1422 6.8533 6.4897 6.1682 5.9757 5.8178 5.5829 5.2494 4.7934 4.2392 3.6536 3.0969 2.6193 2.2625 2.0577 2.0021 2.0000 2.0000 2.0000 2.0000 2.0000 2.0000 2.0000 2.0000
2.0000 2.0000 2.0000 2.0000 2.0000 2.0000 2.0000 2.0000 2.0000 2.0003 2.0214 2.1533 2.4232 2.8097 3.2668 3.7527 4.2732 4.7596 5.1688 5.4890 5.7149 5.8766 5.9969 6.1097 6.2697 6.4827 6.5665 6.4045 6.2219 6.0578 5.9031 5.7504 5.5500 5.2592 4.8687 4.4011 3.8672 3.3526 3.2352 3.6697 4.2257 4.7595 5.2268 5.5806 5.8177 5.9688 6.1609 6.3851 6.5996 6.7895 6.9304 7.0579 7.1514 7.1666 7.1707 7.2077 7.1755 7.1182 7.0617 6.9440 6.7825 6.5671 6.3321 6.1041 5.9562 5.8174 5.5832 5.2618 4.8719 4.4658 4.0694 3.6458 3.6284 4.1364 4.6453 5.0735 5.4298 5.6821 5.8571 5.9812 6.1652 6.3885 6.6322 6.7636 6.9170 6.9506 6.8032 6.6794 6.5223 6.2887 6.0408 5.9066 5.7852 5.5805 5.2617 4.8707 4.4221 3.9080 3.3603 2.8447 2.4235 2.1398 2.0155 2.0001 2.0000 2.0000 2.0000 2.0000 2.0000 2.0000 2.0000 2.0000
2.0000 2.0000 2.0000 2.0000 2.0000 2.0000 2.0000 2.0000 2.0000 2.0000 2.0023 2.0516 2.2259 2.5151 2.8966 3.3634 3.8494 4.3172 4.7448 5.0910 5.3981 5.6305 5.7791 5.8486 5.9168 5.9819 5.9980 5.9524 5.8994 5.8267 5.6988 5.4435 5.1575 4.8371 4.4303 3.9681 3.4957 3.2766 3.6110 4.0839 4.5681 5.0653 5.4917 5.7900 5.9650 6.1640 6.4379 6.6996 6.9132 7.1107 7.2597 7.3896 7.4872 7.5111 7.5142 7.5402 7.5150 7.4573 7.3952 7.2703 7.0865 6.8648 6.6395 6.3880 6.1609 5.9688 5.8177 5.5833 5.2771 4.9533 4.5445 4.0866 3.6789 3.7590 4.2025 4.6540 5.0399 5.3500 5.6055 5.7853 5.8950 5.9710 6.0708 6.1566 6.2883 6.3241 6.1884 6.0857 6.0108 5.9422 5.8427 5.6820 5.4676 5.2242 4.8687 4.4323 3.9697 3.5015 3.0330 2.6005 2.2596 2.0576 2.0021 2.0000 2.0000 2.0000 2.0000 2.0000 2.0000 2.0000 2.0000 2.0000
2.0000 2.0000 2.0000 2.0000 2.0000 2.0000 2.0000 2.0000 2.0000 2.0000 2.0001 2.0077 2.0812 2.2742 2.5863 2.9710 3.3966 3.8377 4.2380 4.6248 4.9644 5.2422 5.4212 5.5355 5.6567 5.7361 5.7428 5.7091 5.6234 5.5009 5.3443 5.0624 4.6853 4.3222 3.9424 3.5159 3.2832 3.6111 4.0820 4.5282 4.9696 5.3563 5.6877 5.9161 6.1055 6.4113 6.7100 6.9771 7.2097 7.4045 7.5693 7.6977 7.7999 7.8331 7.8357 7.8552 7.8326 7.7770 7.7045 7.5624 7.3643 7.1570 6.9223 6.6996 6.4379 6.1644 5.9688 5.8208 5.6299 5.3485 4.9741 4.5452 4.0871 3.6923 3.7686 4.1738 4.5585 4.9232 5.2274 5.4590 5.6264 5.7524 5.8216 5.8755 5.9239 5.9299 5.8878 5.8335 5.7838 5.7058 5.5544 5.3329 5.0442 4.7384 4.4006 3.9681 3.5091 3.0750 2.6873 2.3583 2.1218 2.0138 2.0001 2.0000 2.0000 2.0000 2.0000 2.0000 2.0000 2.0000 2.0000 2.0000
2.0000 2.0000 2.0000 2.0000 2.0000 2.0000 2.0000 2.0000 2.0000 2.0000 2.0000 2.0002 2.0142 2.1104 2.3147 2.6063 2.9631 3.3330 3.7158 4.0953 4.4467 4.7302 4.9138 5.0712 5.2379 5.3319 5.3382 5.3027 5.1835 5.0267 4.8411 4.5810 4.1952 3.7832 3.4336 3.3011 3.5918 4.0240 4.5261 4.9685 5.3290 5.6452 5.8623 6.0148 6.2893 6.6250 6.9378 7.2246 7.4724 7.6780 7.8504 7.9827 8.0888 8.1324 8.1352 8.1503 8.1281 8.0750 7.9873 7.8221 7.6313 7.4203 7.2101 6.9771 6.7129 6.4380 6.1647 5.9832 5.8606 5.6505 5.3494 4.9741 4.5457 4.1116 3.7564 3.7102 4.0446 4.4115 4.7356 4.9997 5.2032 5.3873 5.4805 5.5766 5.6515 5.6564 5.6005 5.5043 5.4202 5.3066 5.1251 4.8680 4.5445 4.1907 3.8587 3.4857 3.0739 2.6920 2.3805 2.1562 2.0311 2.0010 2.0000 2.0000 2.0000 2.0000 2.0000 2.0000 2.0000 2.0000 2.0000 2.0000
2.0000 2.0000 2.0000 2.0000 2.0000 2.0000 2.0000 2.0000 2.0000 2.0000 2.0000 2.0000 2.0006 2.0207 2.1178 2.3107 2.5668 2.8656 3.2045 3.5499 3.8711 4.1362 4.3119 4.5018 4.6919 4.7817 4.7874 4.7548 4.6202 4.4503 4.2460 4.0112 3.6812 3.3253 3.3021 3.6333 4.0820 4.5003 4.9018 5.3278 5.6442 5.8411 5.9960 6.2284 6.5114 6.8152 7.1319 7.4271 7.6945 7.9224 8.1034 8.2463 8.3540 8.4084 8.4124 8.4243 8.4013 8.3487 8.2344 8.0632 7.8754 7.6794 7.4726 7.2318 6.9778 6.7130 6.4476 6.2202 6.0062 5.8615 5.6505 5.3494 4.9860 4.6242 4.2008 3.7630 3.6164 3.8648 4.1670 4.4417 4.6719 4.8745 4.9877 5.1184 5.2059 5.2106 5.1504 5.0202 4.9054 4.7694 4.5876 4.3131 3.9995 3.6416 3.3044 2.9989 2.6776 2.3799 2.1581 2.0360 2.0021 2.0000 2.0000 2.0000 2.0000 2.0000 2.0000 2.0000 2.0000 2.0000 2.0000 2.0000
2.0000 2.0000 2.0000 2.0000 2.0000 2.0000 2.0000 2.0000 2.0000 2.0000 2.0000 2.0000 2.0000 2.0008 2.0200 2.1032 2.2561 2.4776 2.7396 3.0252 3.2939 3.5151 3.6813 3.8826 4.0687 4.1457 4.1504 4.1227 3.9930 3.8268 3.6247 3.4192 3.2463 3.3621 3.7334 4.1423 4.5493 4.9685 5.3019 5.5927 5.8441 5.9934 6.1702 6.4670 6.7726 7.0439 7.3142 7.5975 7.8721 8.1199 8.3269 8.4831 8.5957 8.6608 8.6674 8.6768 8.6528 8.5910 8.4523 8.2863 8.1072 7.9231 7.7066 7.4748 7.2319 6.9824 6.7561 6.5069 6.2302 6.0062 5.8615 5.6535 5.3988 5.0714 4.6563 4.2192 3.8657 3.5932 3.6105 3.8332 4.0788 4.2633 4.3924 4.5436 4.6282 4.6322 4.5767 4.4293 4.2935 4.1523 3.9809 3.7252 3.4353 3.1221 2.8139 2.5614 2.3404 2.1522 2.0358 2.0022 2.0000 2.0000 2.0000 2.0000 2.0000 2.0000 2.0000 2.0000 2.0000 2.0000 2.0000 2.0000
2.0000 2.0000 2.0000 2.0000 2.0000 2.0000 2.0000 2.0000 2.0000 2.0000 2.0000 2.0000 2.0000 2.0000 2.0005 2.0116 2.0689 2.1898 2.3661 2.5665 2.7698 2.9346 3.0868 3.2741 3.4321 3.4932 3.4970 3.4750 3.3659 3.2171 3.0778 3.1088 3.4055 3.8378 4.2397 4.6468 5.0095 5.3503 5.6445 5.8297 5.9696 6.1771 6.4536 6.7148 6.9941 7.2794 7.5340 7.7762 8.0252 8.2718 8.4999 8.6863 8.8139 8.8889 8.9001 8.9073 8.8813 8.7957 8.6528 8.4927 8.3286 8.1368 7.9274 7.7067 7.4775 7.2615 7.0400 6.7801 6.5075 6.2302 6.0064 5.8769 5.7096 5.4323 5.0789 4.7406 4.4006 3.9688 3.5409 3.3473 3.4755 3.6210 3.7555 3.9086 3.9813 3.9847 3.9379 3.7940 3.6508 3.5192 3.3635 3.1559 2.9059 2.6623 2.4233 2.2339 2.1068 2.0275 2.0019 2.0000 2.0000 2.0000 2.0000 2.0000 2.0000 2.0000 2.0000 2.0000 2.0000 2.0000 2.0000 2.0000
2.0000 2.0000 2.0000 2.0000 2.0000 2.0000 2.0000 2.0000 2.0000 2.0000 2.0000 2.0000 2.0000 2.0000 2.0000 2.0001 2.0046 2.0357 2.1136 2.2264 2.3523 2.4603 2.5851 2.7350 2.8514 2.8958 2.8985 2.8830 2.8177 2.8287 3.0887 3.4863 3.8811 4.3179 4.7449 5.0932 5.4204 5.6633 5.8615 5.9959 6.1674 6.4381 6.7170 6.9839 7.2328 7.4850 7.7432 7.9795 8.1968 8.4150 8.6305 8.8342 8.9991 9.0915 9.1103 9.1156 9.0816 8.9747 8.8350 8.6898 8.5222 8.3353 8.1369 7.9292 7.7272 7.5285 7.2936 7.0424 6.7801 6.5075 6.2366 6.0425 5.8999 5.7130 5.4701 5.2242 4.8687 4.4323 3.9729 3.5597 3.2338 3.0830 3.1487 3.2791 3.3360 3.3386 3.3021 3.1804 3.0457 2.9337 2.8036 2.6534 2.4689 2.2981 2.1533 2.0519 2.0098 2.0007 2.0000 2.0000 2.0000 2.0000 2.0000 2.0000 2.0000 2.0000 2.0000 2.0000 2.0000 2.0000 2.0000 2.0000
2.0000 2.0000 2.0000 2.0000 2.0000 2.0000 2.0000 2.0000 2.0000 2.0000 2.0000 2.0000 2.0000 2.0000 2.0000 2.0000 2.0000 2.0009 2.0100 2.0409 2.0902 2.1441 2.2235 2.3189 2.3909 2.4190 2.4283 2.4917 2.7110 3.0761 3.5091 3.9681 4.4017 4.7800 5.1690 5.4890 5.7172 5.8897 6.0079 6.2284 6.4670 6.7139 6.9779 7.2339 7.4783 7.7072 7.9342 8.1645 8.3801 8.5742 8.7642 8.9497 9.1252 9.2607 9.2979 9.3011 9.2492 9.1335 9.0069 8.8629 8.6985 8.5225 8.3366 8.1516 7.9721 7.7627 7.5338 7.2936 7.0424 6.7827 6.5462 6.2978 6.0507 5.9076 5.7852 5.5805 5.2617 4.8719 4.4658 4.0693 3.6223 3.1860 2.8599 2.7601 2.7652 2.7648 2.7390 2.6505 2.5412 2.4564 2.3641 2.2706 2.1645 2.0743 2.0214 2.0023 2.0001 2.0000 2.0000 2.0000 2.0000 2.0000 2.0000 2.0000 2.0000 2.0000 2.0000 2.0000 2.0000 2.0000 2.0000 2.0000
2.0000 2.0000 2.0000 2.0000 2.0000 2.0000 2.0000 2.0000 2.0000 2.0000 2.0000 2.0000 2.0000 2.0000 2.0000 2.0000 2.0000 2.0000 2.0000 2.0008 2.0043 2.0131 2.0360 2.0715 2.1056 2.1626 2.3262 2.6204 3.0343 3.5015 3.9697 4.4323 4.8687 5.2277 5.5149 5.7670 5.9182 6.0496 6.2535 6.5079 6.7726 6.9941 7.2324 7.4748 7.7079 7.9297 8.1373 8.3402 8.5433 8.7360 8.9076 9.0711 9.2283 9.3740 9.4578 9.4607 9.3877 9.2802 9.1587 9.0171 8.8634 8.6995 8.5332 8.3714 8.1871 7.9808 7.7629 7.5338 7.2950 7.0665 6.8428 6.5765 6.3009 6.0916 5.9649 5.8177 5.5833 5.2771 4.9533 4.5445 4.0864 3.6227 3.1796 2.7806 2.4795 2.3504 2.3121 2.2582 2.1892 2.1387 2.0926 2.0532 2.0205 2.0037 2.0003 2.0000 2.0000 2.0000 2.0000 2.0000 2.0000 2.0000 2.0000 2.0000 2.0000 2.0000 2.0000 2.0000 2.0000 2.0000 2.0000 2.0000
2.0000 2.0000 2.0000 2.0000 2.0000 2.0000 2.0000 2.0000 2.0000 2.0000 2.0000 2.0000 2.0000 2.0000 2.0000 2.0000 2.0000 2.0000 2.0000 2.0000 2.0000 2.0000 2.0005 2.0067 2.0712 2.2565 2.5668 2.9634 3.4068 3.9127 4.4221 4.8707 5.2617 5.5806 5.7910 5.9351 6.0980 6.3106 6.5659 6.7917 7.0423 7.2794 7.4850 7.7070 7.9274 8.1378 8.3369 8.5228 8.7021 8.8790 9.0474 9.1968 9.3349 9.4650 9.5749 9.5892 9.5096 9.4098 9.2910 9.1596 9.0178 8.8713 8.7271 8.5667 8.3831 8.1875 7.9808 7.7638 7.5496 7.3462 7.1061 6.8476 6.6044 6.4087 6.1640 5.9688 5.8208 5.6299 5.3485 4.9741 4.5452 4.0857 3.6082 3.1224 2.6941 2.3625 2.1454 2.0539 2.0234 2.0110 2.0044 2.0012 2.0002 2.0000 2.0000 2.0000 2.0000 2.0000 2.0000 2.0000 2.0000 2.0000 2.0000 2.0000 2.0000 2.0000 2.0000 2.0000 2.0000 2.0000 2.0000 2.0000
2.0000 2.0000 2.0000 2.0000 2.0000 2.0000 2.0000 2.0000 2.0000 2.0000 2.0000 2.0000 2.0000 2.0000 2.0000 2.0000 2.0000 2.0000 2.0000 2.0000 2.0000 2.0000 2.0006 2.0312 2.1868 2.4773 2.8656 3.3330 3.8378 4.3225 4.8064 5.2498 5.5829 5.8177 5.9650 6.1114 6.3679 6.6240 6.8515 7.0864 7.3003 7.5330 7.7432 7.9342 8.1371 8.3353 8.5231 8.6997 8.8636 9.0198 9.1713 9.3149 9.4415 9.5550 9.6577 9.6892 9.6163 9.5201 9.4112 9.2915 9.1655 9.0392 8.9014 8.7408 8.5676 8.3831 8.1882 7.9917 7.8053 7.5918 7.3552 7.1213 6.9290 6.7099 6.4380 6.1647 5.9832 5.8606 5.6505 5.3494 4.9732 4.5260 4.0107 3.5058 3.0332 2.6040 2.2722 2.0696 2.0038 2.0000 2.0000 2.0000 2.0000 2.0000 2.0000 2.0000 2.0000 2.0000 2.0000 2.0000 2.0000 2.0000 2.0000 2.0000 2.0000 2.0000 2.0000 2.0000 2.0000 2.0000 2.0000 2.0000
2.0000 2.0000 2.0000 2.0000 2.0000 2.0000 2.0000 2.0000 2.0000 2.0000 2.0000 2.0000 2.0000 2.0000 2.0000 2.0000 2.0000 2.0000 2.0000 2.0000 2.0000 2.0000 2.0063 2.0935 2.3380 2.7234 3.2018 3.7157 4.2380 4.7449 5.1704 5.5282 5.8067 5.9682 6.1639 6.4116 6.6481 6.9109 7.1388 7.3560 7.5659 7.7672 7.9788 8.1645 8.3402 8.5227 8.6986 8.8639 9.0180 9.1598 9.2929 9.4198 9.5382 9.6418 9.7307 9.7697 9.7046 9.6180 9.5205 9.4155 9.3077 9.1914 9.0538 8.9029 8.7408 8.5680 8.3910 8.2208 8.0327 7.8187 7.6014 7.4113 7.2237 6.9778 6.7130 6.4476 6.2202 6.0062 5.8615 5.6496 5.3279 4.8951 4.4239 3.9097 3.3758 2.8831 2.4652 2.1664 2.0227 2.0003 2.0000 2.0000 2.0000 2.0000 2.0000 2.0000 2.0000 2.0000 2.0000 2.0000 2.0000 2.0000 2.0000 2.0000 2.0000 2.0000 2.0000 2.0000 2.0000 2.0000 2.0000 2.0000
2.0000 2.0000 2.0000 2.0000 2.0000 2.0000 2.0000 2.0000 2.0000 2.0000 2.0000 2.0000 2.0000 2.0000 2.0000 2.0000 2.0000 2.0000 2.0000 2.0000 2.0000 2.0004 2.0309 2.1956 2.5173 2.9683 3.5086 4.0832 4.6239 5.0910 5.4890 5.7672 5.9374 6.1285 6.4298 6.7096 6.9396 7.1709 7.4106 7.6146 7.8167 8.0042 8.1905 8.3796 8.5433 8.7021 8.8635 9.0171 9.1600 9.2916 9.4113 9.5216 9.6242 9.7176 9.7973 9.8341 9.7800 9.7049 9.6211 9.5325 9.4367 9.3220 9.1935 9.0538 8.9032 8.7466 8.5933 8.4286 8.2377 8.0398 7.8570 7.6899 7.4745 7.2319 6.9824 6.7561 6.5069 6.2300 6.0037 5.8442 5.5910 5.2501 4.8010 4.2763 3.7172 3.1623 2.6731 2.2993 2.0743 2.0037 2.0000 2.0000 2.0000 2.0000 2.0000 2.0000 2.0000 2.0000 2.0000 2.0000 2.0000 2.0000 2.0000 2.0000 2.0000 2.0000 2.0000 2.0000 2.0000 2.0000 2.0000 2.0000
2.0000 2.0000 2.0000 2.0000 2.0000 2.0000 2.0000 2.0000 2.0000 2.0000 2.0000 2.0000 2.0000 2.0000 2.0000 2.0000 2.0000 2.0000 2.0000 2.0000 2.0000 2.0032 2.0776 2.3219 2.7208 3.2288 3.7994 4.3859 4.9368 5.3945 5.7148 5.9182 6.0980 6.3685 6.6587 6.9599 7.2233 7.4325 7.6506 7.8654 8.0494 8.2328 8.4004 8.5696 8.7356 8.8790 9.0198 9.1597 9.2910 9.4114 9.5206 9.6180 9.7056 9.7843 9.8528 9.8878 9.8445 9.7822 9.7133 9.6375 9.5456 9.4395 9.3221 9.1938 9.0581 8.9225 8.7796 8.6121 8.4348 8.2647 8.1099 7.9262 7.7067 7.4775 7.2615 7.0400 6.7788 6.4899 6.1787 5.9690 5.8066 5.5220 5.1146 4.5983 4.0201 3.4386 2.9061 2.4689 2.1645 2.0205 2.0002 2.0000 2.0000 2.0000 2.0000 2.0000 2.0000 2.0000 2.0000 2.0000 2.0000 2.0000 2.0000 2.0000 2.0000 2.0000 2.0000 2.0000 2.0000 2.0000 2.0000 2.0000
2.0000 2.0000 2.0000 2.0000 2.0000 2.0000 2.0000 2.0000 2.0000 2.0000 2.0000 2.0000 2.0000 2.0000 2.0000 2.0000 2.0000 2.0000 2.0000 2.0000 2.0000 2.0128 2.1406 2.4469 2.9057 3.4701 4.0785 4.6668 5.1864 5.5994 5.8710 6.0426 6.3099 6.6240 6.9111 7.1769 7.4495 7.6916 7.8851 8.0859 8.2757 8.4416 8.6046 8.7536 8.9043 9.0472 9.1713 9.2929 9.4112 9.5202 9.6181 9.7049 9.7801 9.8450 9.9000 9.9305 9.8987 9.8501 9.7941 9.7244 9.6407 9.5456 9.4396 9.3252 9.2083 9.0859 8.9417 8.7857 8.6318 8.4882 8.3319 8.1369 7.9292 7.7272 7.5284 7.2898 7.0136 6.7189 6.4299 6.1277 5.9311 5.7181 5.3557 4.8729 4.3134 3.7252 3.1559 2.6534 2.2706 2.0531 2.0012 2.0000 2.0000 2.0000 2.0000 2.0000 2.0000 2.0000 2.0000 2.0000 2.0000 2.0000 2.0000 2.0000 2.0000 2.0000 2.0000 2.0000 2.0000 2.0000 2.0000 2.0000
2.0000 2.0000 2.0000 2.0000 2.0000 2.0000 2.0000 2.0000 2.0000 2.0000 2.0000 2.0000 2.0000 2.0000 2.0000 2.0000 2.0000 2.0000 2.0000 2.0000 2.0004 2.0334 2.2202 2.5835 3.0852 3.6759 4.2979 4.8897 5.3913 5.7523 5.9596 6.2036 6.5418 6.8480 7.1387 7.4107 7.6544 7.8979 8.1161 8.2951 8.4765 8.6422 8.7905 8.9325 9.0633 9.1943 9.3147 9.4198 9.5216 9.6180 9.7046 9.7802 9.8446 9.8975 9.9397 9.9638 9.9426 9.9064 9.8585 9.7972 9.7245 9.6408 9.5479 9.4504 9.3478 9.2267 9.0922 8.9563 8.8258 8.6917 8.5224 8.3366 8.1516 7.9719 7.7557 7.4994 7.2340 6.9599 6.6525 6.3269 6.0294 5.8468 5.5548 5.1251 4.5876 3.9808 3.3627 2.8015 2.3602 2.0888 2.0037 2.0000 2.0000 2.0000 2.0000 2.0000 2.0000 2.0000 2.0000 2.0000 2.0000 2.0000 2.0000 2.0000 2.0000 2.0000 2.0000 2.0000 2.0000 2.0000 2.0000 2.0000
2.0000 2.0000 2.0000 2.0000 2.0000 2.0000 2.0000 2.0000 2.0000 2.0000 2.0000 2.0000 2.0000 2.0000 2.0000 2.0000 2.0000 2.0000 2.0000 2.0000 2.0012 2.0562 2.2890 2.7023 3.2497 3.8706 4.4982 5.0702 5.5342 5.8466 6.0414 6.3664 6.7200 7.0518 7.3476 7.6142 7.8655 8.0885 8.3043 8.4988 8.6617 8.8223 8.9652 9.0953 9.2165 9.3291 9.4397 9.5381 9.6242 9.7056 9.7801 9.8443 9.8975 9.9395 9.9701 9.9864 9.9745 9.9479 9.9090 9.8587 9.7973 9.7261 9.6485 9.5654 9.4669 9.3543 9.2376 9.1222 9.0065 8.8632 8.6995 8.5332 8.3708 8.1768 7.9446 7.7057 7.4490 7.1623 6.8473 6.5061 6.1634 5.9375 5.7049 5.3026 4.7590 4.1329 3.4932 2.9075 2.4361 2.1278 2.0090 2.0000 2.0000 2.0000 2.0000 2.0000 2.0000 2.0000 2.0000 2.0000 2.0000 2.0000 2.0000 2.0000 2.0000 2.0000 2.0000 2.0000 2.0000 2.0000 2.0000 2.0000
2.0000 2.0000 2.0000 2.0000 2.0000 2.0000 2.0000 2.0000 2.0000 2.0000 2.0000 2.0000 2.0000 2.0000 2.0000 2.0000 2.0000 2.0000 2.0000 2.0000 2.0029 2.0809 2.3441 2.7820 3.3486 3.9851 4.6246 5.1972 5.6408 5.9113 6.1352 6.4939 6.8548 7.1974 7.5150 7.7995 8.0478 8.2757 8.4784 8.6684 8.8395 8.9842 9.1233 9.2446 9.3558 9.4567 9.5508 9.6405 9.7175 9.7843 9.8450 9.8975 9.9394 9.9701 9.9897 9.9976 9.9927 9.9760 9.9481 9.9090 9.8597 9.8025 9.7388 9.6624 9.5718 9.4750 9.3765 9.2774 9.1589 9.0178 8.8713 8.7259 8.5539 8.3476 8.1328 7.8953 7.6272 7.3300 7.0091 6.6639 6.2941 5.9834 5.7673 5.3955 4.8766 4.2617 3.6155 3.0078 2.5055 2.1633 2.0155 2.0001 2.0000 2.0000 2.0000 2.0000 2.0000 2.0000 2.0000 2.0000 2.0000 2.0000 2.0000 2.0000 2.0000 2.0000 2.0000 2.0000 2.0000 2.0000 2.0000 2.0000
2.0000 2.0000 2.0000 2.0000 2.0000 2.0000 2.0000 2.0000 2.0000 2.0000 2.0000 2.0000 2.0000 2.0000 2.0000 2.0000 2.0000 2.0000 2.0000 2.0000 2.0055 2.1069 2.4023 2.8695 3.4571 4.1005 4.7299 5.2783 5.6906 5.9369 6.2090 6.5945 6.9603 7.3044 7.6260 7.9249 8.1978 8.4351 8.6419 8.8237 8.9892 9.1371 9.2625 9.3797 9.4803 9.5720 9.6531 9.7281 9.7967 9.8529 9.9001 9.9397 9.9694 9.9866 9.9925 9.9934 9.9930 9.9889 9.9749 9.9485 9.9122 9.8681 9.8132 9.7446 9.6683 9.5878 9.5052 9.4097 9.2915 9.1655 9.0377 8.8872 8.7073 8.5149 8.2945 8.0398 7.7536 7.4391 7.0997 6.7404 6.3682 6.0304 5.8144 5.4572 4.9453 4.3355 3.6917 3.0800 2.5654 2.2011 2.0256 2.0002 2.0000 2.0000 2.0000 2.0000 2.0000 2.0000 2.0000 2.0000 2.0000 2.0000 2.0000 2.0000 2.0000 2.0000 2.0000 2.0000 2.0000 2.0000 2.0000 2.0000
2.0000 2.0000 2.0000 2.0000 2.0000 2.0000 2.0000 2.0000 2.0000 2.0000 2.0000 2.0000 2.0000 2.0000 2.0000 2.0000 2.0000 2.0000 2.0000 2.0000 2.0092 2.1297 2.4423 2.9197 3.5132 4.1591 4.7904 5.3379 5.7413 5.9747 6.2749 6.6484 7.0123 7.3598 7.6875 7.9937 8.2772 8.5363 8.7662 8.9612 9.1240 9.2662 9.3910 9.4963 9.5916 9.6722 9.7439 9.8056 9.8609 9.9076 9.9403 9.9592 9.9661 9.9673 9.9674 9.9674 9.9674 9.9674 9.9667 9.9621 9.9475 9.9182 9.8728 9.8174 9.7558 9.6901 9.6156 9.5205 9.4155 9.3062 9.1773 9.0222 8.8464 8.6338 8.3869 8.1143 7.8191 7.5019 7.1623 6.7994 6.4141 6.0514 5.8474 5.5269 5.0435 4.4453 3.7964 3.1676 2.6278 2.2363 2.0355 2.0004 2.0000 2.0000 2.0000 2.0000 2.0000 2.0000 2.0000 2.0000 2.0000 2.0000 2.0000 2.0000 2.0000 2.0000 2.0000 2.0000 2.0000 2.0000 2.0000 2.0000
2.0000 2.0000 2.0000 2.0000 2.0000 2.0000 2.0000 2.0000 2.0000 2.0000 2.0000 2.0000 2.0000 2.0000 2.0000 2.0000 2.0000 2.0000 2.0000 2.0000 2.0151 2.1623 2.5046 3.0074 3.6154 4.2620 4.8770 5.3960 5.7678 5.9849 6.3110 6.7032 7.0726 7.4183 7.7414 8.0422 8.3218 8.5801 8.8171 9.0319 9.2203 9.3747 9.4984 9.6009 9.6856 9.7591 9.8193 9.8676 9.8994 9.9146 9.9185 9.9189 9.9190 9.9190 9.9190 9.9190 9.9190 9.9190 9.9190 9.9190 9.9187 9.9165 9.9055 9.8763 9.8316 9.7770 9.7048 9.6211 9.5311 9.4223 9.2825 9.1109 8.9060 8.6762 8.4239 8.1501 7.8550 7.5395 7.2047 6.8523 6.4837 6.1113 5.8766 5.5620 5.0777 4.4755 3.8213 3.1866 2.6408 2.2436 2.0377 2.0004 2.0000 2.0000 2.0000 2.0000 2.0000 2.0000 2.0000 2.0000 2.0000 2.0000 2.0000 2.0000 2.0000 2.0000 2.0000 2.0000 2.0000 2.0000 2.0000 2.0000
2.0000 2.0000 2.0000 2.0000 2.0000 2.0000 2.0000 2.0000 2.0000 2.0000 2.0000 2.0000 2.0000 2.0000 2.0000 2.0000 2.0000 2.0000 2.0000 2.0001 2.0172 2.1727 2.5250 3.0385 3.6569 4.3128 4.9343 5.4535 5.8138 6.0304 6.3678 6.7388 7.0986 7.4421 7.7661 8.0690 8.3501 8.6093 8.8462 9.0608 9.2531 9.4228 9.5672 9.6811 9.7633 9.8146 9.8395 9.8468 9.8481 9.8482 9.8482 9.8482 9.8482 9.8482 9.8482 9.8482 9.8482 9.8482 9.8482 9.8482 9.8482 9.8487 9.8526 9.8599 9.8578 9.8323 9.7801 9.7092 9.6133 9.4816 9.3222 9.1399 8.9359 8.7106 8.4634 8.1947 7.9034 7.5897 7.2529 6.8927 6.5095 6.1180 5.8771 5.5625 5.0781 4.4759 3.8216 3.1868 2.6410 2.2437 2.0377 2.0004 2.0000 2.0000 2.0000 2.0000 2.0000 2.0000 2.0000 2.0000 2.0000 2.0000 2.0000 2.0000 2.0000 2.0000 2.0000 2.0000 2.0000 2.0000 2.0000 2.0000
2.0000 2.0000 2.0000 2.0000 2.0000 2.0000 2.0000 2.0000 2.0000 2.0000 2.0000 2.0000 2.0000 2.0000 2.0000 2.0000 2.0000 2.0000 2.0000 2.0001 2.0172 2.1727 2.5250 3.0385 3.6569 4.3128 4.9343 5.4535 5.8138 6.0304 6.3678 6.7388 7.0986 7.4421 7.7661 8.0690 8.3501 8.6093 8.8462 9.0608 9.2531 9.4232 9.5710 9.6928 9.7495 9.7547 9.7550 9.7551 9.7551 9.7551 9.7551 9.7551 9.7551 9.7551 9.7551 9.7551 9.7551 9.7551 9.7551 9.7551 9.7551 9.7557 9.7612 9.7731 9.7802 9.7813 9.7799 9.7235 9.6121 9.4771 9.3195 9.1389 8.9355 8.7105 8.4634 8.1947 7.9034 7.5897 7.2529 6.8927 6.5095 6.1180 5.8771 5.5625 5.0781 4.4759 3.8216 3.1868 2.6410 2.2437 2.0377 2.0004 2.0000 2.0000 2.0000 2.0000 2.0000 2.0000 2.0000 2.0000 2.0000 2.0000 2.0000 2.0000 2.0000 2.0000 2.0000 2.0000 2.0000 2.0000 2.0000 2.0000
2.0000 2.0000 2.0000 2.0000 2.0000 2.0000 2.0000 2.0000 2.0000 2.0000 2.0000 2.0000 2.0000 2.0000 2.0000 2.0000 2.0000 2.0000 2.0000 2.0000 2.0151 2.1623 2.5046 3.0074 3.6154 4.2620 4.8770 5.3960 5.7678 5.9849 6.3110 6.7032 7.0726 7.4183 7.7414 8.0422 8.3218 8.5801 8.8173 9.0331 9.2272 9.3989 9.5456 9.6301 9.6395 9.6395 9.6395 9.6395 9.6395 9.6395 9.6395 9.6395 9.6395 9.6395 9.6395 9.6395 9.6395 9.6395 9.6395 9.6395 9.6396 9.6404 9.6476 9.6628 9.6704 9.6722 9.6807 9.6669 9.5631 9.4247 9.2665 9.0875 8.8871 8.6638 8.4166 8.1459 7.8528 7.5385 7.2044 6.8522 6.4837 6.1113 5.8766 5.5620 5.0777 4.4755 3.8213 3.1866 2.6408 2.2436 2.0377 2.0004 2.0000 2.0000 2.0000 2.0000 2.0000 2.0000 2.0000 2.0000 2.0000 2.0000 2.0000 2.0000 2.0000 2.0000 2.0000 2.0000 2.0000 2.0000 2.0000 2.0000
2.0000 2.0000 2.0000 2.0000 2.0000 2.0000 2.0000 2.0000 2.0000 2.0000 2.0000 2.0000 2.0000 2.0000 2.0000 2.0000 2.0000 2.0000 2.0000 2.0000 2.0092 2.1297 2.4423 2.9197 3.5132 4.1591 4.7904 5.3379 5.7413 5.9747 6.2749 6.6484 7.0123 7.3598 7.6876 7.9940 8.2786 8.5408 8.7800 8.9947 9.1834 9.3468 9.4714 9.5013 9.5017 9.5017 9.5017 9.5017 9.5017 9.5017 9.5017 9.5017 9.5017 9.5017 9.5017 9.5017 9.5017 9.5017 9.5017 9.5017 9.5017 9.5028 9.5120 9.5308 9.5382 9.5405 9.5517 9.5602 9.4966 9.3619 9.1973 9.0123 8.8086 8.5845 8.3395 8.0741 7.7857 7.4728 7.1376 6.7820 6.4064 6.0505 5.8473 5.5268 5.0434 4.4453 3.7964 3.1676 2.6278 2.2363 2.0355 2.0004 2.0000 2.0000 2.0000 2.0000 2.0000 2.0000 2.0000 2.0000 2.0000 2.0000 2.0000 2.0000 2.0000 2.0000 2.0000 2.0000 2.0000 2.0000 2.0000 2.0000
2.0000 2.0000 2.0000 2.0000 2.0000 2.0000 2.0000 2.0000 2.0000 2.0000 2.0000 2.0000 2.0000 2.0000 2.0000 2.0000 2.0000 2.0000 2.0000 2.0000 2.0055 2.1069 2.4023 2.8695 3.4571 4.1005 4.7299 5.2783 5.6906 5.9369 6.2090 6.5946 6.9610 7.3073 7.6334 7.9385 8.2201 8.4754 8.7046 8.9113 9.0947 9.2502 9.3356 9.3415 9.3415 9.3415 9.3415 9.3415 9.3415 9.3415 9.3415 9.3415 9.3415 9.3415 9.3415 9.3415 9.3415 9.3415 9.3415 9.3415 9.3415 9.3429 9.3543 9.3766 9.3836 9.3864 9.4006 9.4136 9.3790 9.2710 9.1160 8.9318 8.7208 8.4891 8.2397 7.9709 7.6804 7.3713 7.0444 6.6934 6.3203 6.0048 5.7996 5.4416 4.9311 4.3234 3.6828 3.0751 2.5630 2.2005 2.0255 2.0002 2.0000 2.0000 2.0000 2.0000 2.0000 2.0000 2.0000 2.0000 2.0000 2.0000 2.0000 2.0000 2.0000 2.0000 2.0000 2.0000 2.0000 2.0000 2.0000 2.0000
2.0000 2.0000 2.0000 2.0000 2.0000 2.0000 2.0000 2.0000 2.0000 2.0000 2.0000 2.0000 2.0000 2.0000 2.0000 2.0000 2.0000 2.0000 2.0000 2.0000 2.0029 2.0809 2.3441 2.7820 3.3486 3.9851 4.6246 5.1973 5.6411 5.9117 6.1400 6.5094 6.8763 7.2231 7.5457 7.8410 8.1122 8.3632 8.5934 8.7963 8.9733 9.1153 9.1582 9.1589 9.1589 9.1589 9.1589 9.1589 9.1589 9.1589 9.1589 9.1589 9.1589 9.1589 9.1589 9.1589 9.1589 9.1589 9.1589 9.1589 9.1589 9.1606 9.1748 9.2007 9.2067 9.2101 9.2277 9.2441 9.2149 9.1446 8.9976 8.8211 8.6200 8.3902 8.1344 7.8559 7.5602 7.2479 6.9131 6.5591 6.2040 5.9547 5.7287 5.3362 4.8059 4.1923 3.5565 2.9636 2.4770 2.1498 2.0132 2.0000 2.0000 2.0000 2.0000 2.0000 2.0000 2.0000 2.0000 2.0000 2.0000 2.0000 2.0000 2.0000 2.0000 2.0000 2.0000 2.0000 2.0000 2.0000 2.0000 2.0000
2.0000 2.0000 2.0000 2.0000 2.0000 2.0000 2.0000 2.0000 2.0000 2.0000 2.0000 2.0000 2.0000 2.0000 2.0000 2.0000 2.0000 2.0000 2.0000 2.0000 2.0012 2.0562 2.2890 2.7023 3.2502 3.8730 4.5057 5.0850 5.5529 5.8616 6.0621 6.4004 6.7584 7.0938 7.4077 7.7031 7.9797 8.2304 8.4519 8.6507 8.8226 8.9401 8.9539 8.9540 8.9540 8.9540 8.9540 8.9540 8.9540 8.9540 8.9540 8.9540 8.9540 8.9540 8.9540 8.9540 8.9540 8.9540 8.9540 8.9540 8.9540 8.9561 8.9736 9.0024 9.0073 9.0116 9.0333 9.0536 9.0217 8.9688 8.8586 8.6796 8.4796 8.2595 8.0118 7.7372 7.4386 7.1149 6.7718 6.4181 6.0833 5.8827 5.6052 5.1826 4.6439 4.0297 3.4038 2.8358 2.3870 2.1040 2.0057 2.0000 2.0000 2.0000 2.0000 2.0000 2.0000 2.0000 2.0000 2.0000 2.0000 2.0000 2.0000 2.0000 2.0000 2.0000 2.0000 2.0000 2.0000 2.0000 2.0000 2.0000
2.0000 2.0000 2.0000 2.0000 2.0000 2.0000 2.0000 2.0000 2.0000 2.0000 2.0000 2.0000 2.0000 2.0000 2.0000 2.0000 2.0000 2.0000 2.0000 2.0000 2.0004 2.0336 2.2226 2.5932 3.1084 3.7140 4.3447 4.9354 5.4301 5.7811 5.9802 6.2453 6.5931 6.9318 7.2534 7.5539 7.8205 8.0630 8.2835 8.4767 8.6500 8.7244 8.7267 8.7267 8.7267 8.7267 8.7267 8.7267 8.7267 8.7267 8.7267 8.7267 8.7267 8.7267 8.7267 8.7267 8.7267 8.7267 8.7267 8.7267 8.7267 8.7293 8.7509 8.7821 8.7857 8.7909 8.8177 8.8427 8.8062 8.7549 8.6749 8.5233 8.3181 8.0931 7.8522 7.5863 7.2917 6.9725 6.6332 6.2770 5.9886 5.7911 5.4552 4.9793 4.4067 3.8017 3.2154 2.6954 2.2955 2.0625 2.0017 2.0000 2.0000 2.0000 2.0000 2.0000 2.0000 2.0000 2.0000 2.0000 2.0000 2.0000 2.0000 2.0000 2.0000 2.0000 2.0000 2.0000 2.0000 2.0000 2.0000 2.0000
2.0000 2.0000 2.0000 2.0000 2.0000 2.0000 2.0000 2.0000 2.0000 2.0000 2.0000 2.0000 2.0000 2.0000 2.0000 2.0000 2.0000 2.0000 2.0000 2.0000 2.0001 2.0154 2.1560 2.4780 2.9493 3.5222 4.1382 4.7306 5.2439 5.6418 5.8964 6.0903 6.4187 6.7638 7.0832 7.3641 7.6312 7.8715 8.0855 8.2862 8.4453 8.4768 8.4770 8.4770 8.4770 8.4770 8.4770 8.4770 8.4770 8.4770 8.4770 8.4770 8.4770 8.4770 8.4770 8.4770 8.4770 8.4770 8.4770 8.4770 8.4770 8.4803 8.5068 8.5392 8.5416 8.5481 8.5813 8.6110 8.5689 8.5167 8.4426 8.3344 8.1411 7.9136 7.6629 7.4002 7.1140 6.8027 6.4624 6.1256 5.9180 5.6771 5.2783 4.7553 4.1677 3.5642 2.9959 2.5234 2.1919 2.0275 2.0003 2.0000 2.0000 2.0000 2.0000 2.0000 2.0000 2.0000 2.0000 2.0000 2.0000 2.0000 2.0000 2.0000 2.0000 2.0000 2.0000 2.0000 2.0000 2.0000 2.0000 2.0000
2.0000 2.0000 2.0000 2.0000 2.0000 2.0000 2.0000 2.0000 2.0000 2.0000 2.0000 2.0000 2.0000 2.0000 2.0000 2.0000 2.0000 2.0000 2.0000 2.0000 2.0000 2.0047 2.0916 2.3530 2.7700 3.2939 3.8723 4.4579 5.0026 5.4593 5.7881 5.9810 6.2432 6.5665 6.8648 7.1568 7.4144 7.6497 7.8730 8.0753 8.1949 8.2050 8.2050 8.2050 8.2050 8.2050 8.2050 8.2050 8.2050 8.2050 8.2050 8.2050 8.2050 8.2050 8.2050 8.2050 8.2050 8.2050 8.2050 8.2050 8.2050 8.2091 8.2419 8.2738 8.2752 8.2833 8.3246 8.3576 8.3102 8.2558 8.1834 8.0891 7.9427 7.7140 7.4655 7.1906 6.9055 6.5993 6.2777 6.0035 5.8187 5.5081 5.0650 4.5246 3.9266 3.3267 2.7921 2.3733 2.1051 2.0070 2.0000 2.0000 2.0000 2.0000 2.0000 2.0000 2.0000 2.0000 2.0000 2.0000 2.0000 2.0000 2.0000 2.0000 2.0000 2.0000 2.0000 2.0000 2.0000 2.0000 2.0000 2.0000
2.0000 2.0000 2.0000 2.0000 2.0000 2.0000 2.0000 2.0000 2.0000 2.0000 2.0000 2.0000 2.0000 2.0000 2.0000 2.0000 2.0000 2.0000 2.0000 2.0000 2.0000 2.0008 2.0409 2.2264 2.5670 3.0320 3.5813 4.1673 4.7384 5.2447 5.6409 5.8889 6.0527 6.3321 6.6391 6.9124 7.1694 7.4151 7.6436 7.8302 7.9085 7.9107 7.9107 7.9107 7.9107 7.9107 7.9107 7.9107 7.9107 7.9107 7.9107 7.9107 7.9107 7.9107 7.9107 7.9107 7.9107 7.9107 7.9107 7.9107 7.9107 7.9159 7.9561 7.9856 7.9865 7.9968 8.0486 8.0821 8.0306 7.9731 7.9033 7.8046 7.6907 7.5014 7.2440 6.9736 6.6792 6.3703 6.0839 5.9046 5.6770 5.3007 4.8062 4.2405 3.6533 3.0942 2.6091 2.2457 2.0461 2.0011 2.0000 2.0000 2.0000 2.0000 2.0000 2.0000 2.0000 2.0000 2.0000 2.0000 2.0000 2.0000 2.0000 2.0000 2.0000 2.0000 2.0000 2.0000 2.0000 2.0000 2.0000 2.0000
2.0000 2.0000 2.0000 2.0000 2.0000 2.0000 2.0000 2.0000 2.0000 2.0000 2.0000 2.0000 2.0000 2.0000 2.0000 2.0000 2.0000 2.0000 2.0000 2.0000 2.0000 2.0000 2.0101 2.1154 2.3799 2.7863 3.2989 3.8729 4.4572 4.9941 5.4219 5.7300 5.9287 6.1029 6.3682 6.6450 6.9126 7.1664 7.3814 7.5576 7.5937 7.5939 7.5939 7.5939 7.5939 7.5939 7.5939 7.5939 7.5939 7.5939 7.5939 7.5939 7.5939 7.5939 7.5939 7.5939 7.5939 7.5939 7.5939 7.5939 7.5940 7.6009 7.6501 7.6749 7.6754 7.6890 7.7555 7.7864 7.7306 7.6689 7.6001 7.4991 7.3894 7.2359 7.0205 6.7342 6.4383 6.1493 5.9447 5.7638 5.4621 5.0419 4.5246 3.9462 3.3683 2.8454 2.4234 2.1390 2.0145 2.0001 2.0000 2.0000 2.0000 2.0000 2.0000 2.0000 2.0000 2.0000 2.0000 2.0000 2.0000 2.0000 2.0000 2.0000 2.0000 2.0000 2.0000 2.0000 2.0000 2.0000 2.0000 2.0000
2.0000 2.0000 2.0000 2.0000 2.0000 2.0000 2.0000 2.0000 2.0000 2.0000 2.0000 2.0000 2.0000 2.0000 2.0000 2.0000 2.0000 2.0000 2.0000 2.0000 2.0000 2.0000 2.0011 2.0436 2.2281 2.5673 3.0316 3.5756 4.1363 4.6537 5.1207 5.5043 5.7679 5.9347 6.1038 6.3682 6.6441 6.8860 7.1031 7.2442 7.2548 7.2549 7.2549 7.2549 7.2549 7.2549 7.2549 7.2549 7.2549 7.2549 7.2549 7.2549 7.2549 7.2549 7.2549 7.2549 7.2549 7.2549 7.2549 7.2549 7.2549 7.2646 7.3232 7.3416 7.3420 7.3606 7.4476 7.4716 7.4100 7.3428 7.2724 7.1776 7.0584 6.9291 6.7313 6.4988 6.2007 5.9733 5.8156 5.5508 5.1730 4.7151 4.1863 3.6351 3.0942 2.6192 2.2625 2.0577 2.0021 2.0000 2.0000 2.0000 2.0000 2.0000 2.0000 2.0000 2.0000 2.0000 2.0000 2.0000 2.0000 2.0000 2.0000 2.0000 2.0000 2.0000 2.0000 2.0000 2.0000 2.0000 2.0000 2.0000
2.0000 2.0000 2.0000 2.0000 2.0000 2.0000 2.0000 2.0000 2.0000 2.0000 2.0000 2.0000 2.0000 2.0000 2.0000 2.0000 2.0000 2.0000 2.0000 2.0000 2.0000 2.0000 2.0000 2.0101 2.1152 2.3775 2.7698 3.2407 3.7461 4.2730 4.7596 5.1697 5.5104 5.7679 5.9347 6.1037 6.3543 6.5822 6.8023 6.8910 6.8934 6.8934 6.8934 6.8934 6.8934 6.8934 6.8934 6.8934 6.8934 6.8934 6.8934 6.8934 6.8934 6.8934 6.8934 6.8934 6.8934 6.8934 6.8934 6.8934 6.8935 6.9081 6.9746 6.9859 6.9862 7.0137 7.1240 7.1361 7.0685 6.9952 6.9222 6.8406 6.7070 6.5917 6.4126 6.2003 6.0056 5.8559 5.6082 5.2626 4.8379 4.3347 3.8140 3.2898 2.8109 2.4153 2.1390 2.0154 2.0001 2.0000 2.0000 2.0000 2.0000 2.0000 2.0000 2.0000 2.0000 2.0000 2.0000 2.0000 2.0000 2.0000 2.0000 2.0000 2.0000 2.0000 2.0000 2.0000 2.0000 2.0000 2.0000 2.0000
2.0000 2.0000 2.0000 2.0000 2.0000 2.0000 2.0000 2.0000 2.0000 2.0000 2.0000 2.0000 2.0000 2.0000 2.0000 2.0000 2.0000 2.0000 2.0000 2.0000 2.0000 2.0000 2.0000 2.0011 2.0409 2.2079 2.5003 2.8923 3.3632 3.8494 4.3179 4.7649 5.1698 5.5104 5.7679 5.9335 6.0654 6.2772 6.4675 6.5094 6.5096 6.5096 6.5096 6.5096 6.5096 6.5096 6.5096 6.5096 6.5096 6.5096 6.5096 6.5096 6.5096 6.5096 6.5096 6.5096 6.5096 6.5096 6.5096 6.5096 6.5097 6.5347 6.6030 6.6077 6.6083 6.6536 6.7769 6.7800 6.7058 6.6281 6.5555 6.4817 6.3432 6.2270 6.1035 5.9695 5.8559 5.6504 5.3434 4.9253 4.4407 3.9429 3.4254 2.9489 2.5398 2.2292 2.0510 2.0019 2.0000 2.0000 2.0000 2.0000 2.0000 2.0000 2.0000 2.0000 2.0000 2.0000 2.0000 2.0000 2.0000 2.0000 2.0000 2.0000 2.0000 2.0000 2.0000 2.0000 2.0000 2.0000 2.0000 2.0000
2.0000 2.0000 2.0000 2.0000 2.0000 2.0000 2.0000 2.0000 2.0000 2.0000 2.0000 2.0000 2.0000 2.0000 2.0000 2.0000 2.0000 2.0000 2.0000 2.0000 2.0000 2.0000 2.0000 2.0000 2.0061 2.0766 2.2726 2.5862 2.9710 3.3971 3.8536 4.3180 4.7649 5.1698 5.5094 5.7487 5.8990 6.0112 6.1103 6.1180 6.1180 6.1180 6.1180 6.1180 6.1180 6.1180 6.1180 6.1180 6.1180 6.1180 6.1180 6.1180 6.1180 6.1180 6.1180 6.1180 6.1180 6.1180 6.1180 6.1180 6.1186 6.1628 6.2097 6.2106 6.2126 6.2909 6.4017 6.4020 6.3248 6.2515 6.1845 6.1139 6.0300 5.9586 5.9081 5.7904 5.6056 5.3434 4.9739 4.5401 4.0439 3.5260 3.0572 2.6366 2.3057 2.0936 2.0085 2.0001 2.0000 2.0000 2.0000 2.0000 2.0000 2.0000 2.0000 2.0000 2.0000 2.0000 2.0000 2.0000 2.0000 2.0000 2.0000 2.0000 2.0000 2.0000 2.0000 2.0000 2.0000 2.0000 2.0000 2.0000
2.0000 2.0000 2.0000 2.0000 2.0000 2.0000 2.0000 2.0000 2.0000 2.0000 2.0000 2.0000 2.0000 2.0000 2.0000 2.0000 2.0000 2.0000 2.0000 2.0000 2.0000 2.0000 2.0000 2.0000 2.0002 2.0141 2.1104 2.3147 2.6066 2.9737 3.3971 3.8536 4.3180 4.7641 5.1485 5.4412 5.6812 5.8368 5.8766 5.8771 5.8771 5.8771 5.8771 5.8771 5.8771 5.8771 5.8771 5.8771 5.8771 5.8771 5.8771 5.8771 5.8771 5.8771 5.8771 5.8771 5.8771 5.8771 5.8771 5.8771 5.8820 5.9210 5.9291 5.9291 5.9375 6.0001 6.0393 6.0393 6.0050 5.9679 5.9291 5.8887 5.8414 5.7382 5.6459 5.4907 5.2302 4.9230 4.5401 4.0863 3.6189 3.1493 2.7127 2.3718 2.1351 2.0199 2.0004 2.0000 2.0000 2.0000 2.0000 2.0000 2.0000 2.0000 2.0000 2.0000 2.0000 2.0000 2.0000 2.0000 2.0000 2.0000 2.0000 2.0000 2.0000 2.0000 2.0000 2.0000 2.0000 2.0000 2.0000 2.0000
2.0000 2.0000 2.0000 2.0000 2.0000 2.0000 2.0000 2.0000 2.0000 2.0000 2.0000 2.0000 2.0000 2.0000 2.0000 2.0000 2.0000 2.0000 2.0000 2.0000 2.0000 2.0000 2.0000 2.0000 2.0000 2.0006 2.0207 2.1179 2.3161 2.6067 2.9737 3.3971 3.8529 4.2998 4.6830 5.0397 5.3325 5.5234 5.5620 5.5625 5.5625 5.5625 5.5625 5.5625 5.5625 5.5625 5.5625 5.5625 5.5625 5.5625 5.5625 5.5625 5.5625 5.5625 5.5625 5.5625 5.5625 5.5625 5.5625 5.5626 5.5836 5.6515 5.6586 5.6589 5.6964 5.7976 5.8160 5.8160 5.7991 5.7402 5.6724 5.6022 5.5244 5.3652 5.2149 5.0538 4.7595 4.4120 4.0427 3.6189 3.1797 2.7794 2.4337 2.1722 2.0344 2.0013 2.0000 2.0000 2.0000 2.0000 2.0000 2.0000 2.0000 2.0000 2.0000 2.0000 2.0000 2.0000 2.0000 2.0000 2.0000 2.0000 2.0000 2.0000 2.0000 2.0000 2.0000 2.0000 2.0000 2.0000 2.0000 2.0000
2.0000 2.0000 2.0000 2.0000 2.0000 2.0000 2.0000 2.0000 2.0000 2.0000 2.0000 2.0000 2.0000 2.0000 2.0000 2.0000 2.0000 2.0000 2.0000 2.0000 2.0000 2.0000 2.0000 2.0000 2.0000 2.0000 2.0008 2.0209 2.1179 2.3161 2.6067 2.9733 3.3838 3.7799 4.1753 4.5444 4.8629 5.0426 5.0777 5.0781 5.0781 5.0781 5.0781 5.0781 5.0781 5.0781 5.0781 5.0781 5.0781 5.0781 5.0781 5.0781 5.0781 5.0781 5.0781 5.0781 5.0781 5.0781 5.0781 5.0786 5.1244 5.2059 5.2126 5.2148 5.3051 5.4376 5.4555 5.4555 5.4380 5.3470 5.2503 5.1520 5.0451 4.8702 4.6611 4.4949 4.2242 3.8676 3.5072 3.1489 2.7794 2.4507 2.2036 2.0522 2.0031 2.0000 2.0000 2.0000 2.0000 2.0000 2.0000 2.0000 2.0000 2.0000 2.0000 2.0000 2.0000 2.0000 2.0000 2.0000 2.0000 2.0000 2.0000 2.0000 2.0000 2.0000 2.0000 2.0000 2.0000 2.0000 2.0000 2.0000
2.0000 2.0000 2.0000 2.0000 2.0000 2.0000 2.0000 2.0000 2.0000 2.0000 2.0000 2.0000 2.0000 2.0000 2.0000 2.0000 2.0000 2.0000 2.0000 2.0000 2.0000 2.0000 2.0000 2.0000 2.0000 2.0000 2.0000 2.0008 2.0209 2.1179 2.3159 2.5987 2.9213 3.2711 3.6407 3.9992 4.2893 4.4451 4.4755 4.4759 4.4759 4.4759 4.4759 4.4759 4.4759 4.4759 4.4759 4.4759 4.4759 4.4759 4.4759 4.4759 4.4759 4.4759 4.4759 4.4759 4.4759 4.4759 4.4759 4.4776 4.5478 4.6282 4.6340 4.6436 4.7895 4.9199 4.9361 4.9361 4.9200 4.8142 4.6984 4.5788 4.4521 4.2900 4.0484 3.8716 3.6457 3.3318 3.0023 2.7041 2.4336 2.2036 2.0569 2.0051 2.0000 2.0000 2.0000 2.0000 2.0000 2.0000 2.0000 2.0000 2.0000 2.0000 2.0000 2.0000 2.0000 2.0000 2.0000 2.0000 2.0000 2.0000 2.0000 2.0000 2.0000 2.0000 2.0000 2.0000 2.0000 2.0000 2.0000 2.0000
2.0000 2.0000 2.0000 2.0000 2.0000 2.0000 2.0000 2.0000 2.0000 2.0000 2.0000 2.0000 2.0000 2.0000 2.0000 2.0000 2.0000 2.0000 2.0000 2.0000 2.0000 2.0000 2.0000 2.0000 2.0000 2.0000 2.0000 2.0000 2.0008 2.0209 2.1150 2.2891 2.5210 2.8098 3.1221 3.4321 3.6689 3.7963 3.8213 3.8216 3.8216 3.8216 3.8216 3.8216 3.8216 3.8216 3.8216 3.8216 3.8216 3.8216 3.8216 3.8216 3.8216 3.8216 3.8216 3.8216 3.8216 3.8216 3.8216 3.8259 3.9106 3.9813 3.9862 4.0121 4.1868 4.3005 4.3144 4.3144 4.3005 4.1971 4.0714 3.9418 3.8106 3.6689 3.4431 3.2543 3.0766 2.8362 2.5720 2.3439 2.1701 2.0522 2.0051 2.0001 2.0000 2.0000 2.0000 2.0000 2.0000 2.0000 2.0000 2.0000 2.0000 2.0000 2.0000 2.0000 2.0000 2.0000 2.0000 2.0000 2.0000 2.0000 2.0000 2.0000 2.0000 2.0000 2.0000 2.0000 2.0000 2.0000 2.0000 2.0000
2.0000 2.0000 2.0000 2.0000 2.0000 2.0000 2.0000 2.0000 2.0000 2.0000 2.0000 2.0000 2.0000 2.0000 2.0000 2.0000 2.0000 2.0000 2.0000 2.0000 2.0000 2.0000 2.0000 2.0000 2.0000 2.0000 2.0000 2.0000 2.0000 2.0007 2.0166 2.0848 2.2260 2.4232 2.6621 2.8928 3.0707 3.1676 3.1866 3.1868 3.1868 3.1868 3.1868 3.1868 3.1868 3.1868 3.1868 3.1868 3.1868 3.1868 3.1868 3.1868 3.1868 3.1868 3.1868 3.1868 3.1868 3.1868 3.1868 3.1941 3.2798 3.3360 3.3401 3.3865 3.5551 3.6470 3.6582 3.6582 3.6470 3.5584 3.4343 3.3099 3.1895 3.0708 2.8940 2.7138 2.5821 2.4201 2.2484 2.1084 2.0293 2.0030 2.0000 2.0000 2.0000 2.0000 2.0000 2.0000 2.0000 2.0000 2.0000 2.0000 2.0000 2.0000 2.0000 2.0000 2.0000 2.0000 2.0000 2.0000 2.0000 2.0000 2.0000 2.0000 2.0000 2.0000 2.0000 2.0000 2.0000 2.0000 2.0000 2.0000
2.0000 2.0000 2.0000 2.0000 2.0000 2.0000 2.0000 2.0000 2.0000 2.0000 2.0000 2.0000 2.0000 2.0000 2.0000 2.0000 2.0000 2.0000 2.0000 2.0000 2.0000 2.0000 2.0000 2.0000 2.0000 2.0000 2.0000 2.0000 2.0000 2.0000 2.0003 2.0078 2.0516 2.1533 2.2968 2.4438 2.5621 2.6278 2.6408 2.6410 2.6410 2.6410 2.6410 2.6410 2.6410 2.6410 2.6410 2.6410 2.6410 2.6410 2.6410 2.6410 2.6410 2.6410 2.6410 2.6410 2.6410 2.6410 2.6410 2.6511 2.7229 2.7629 2.7665 2.8261 2.9627 3.0311 3.0394 3.0394 3.0311 2.9635 2.8553 2.7510 2.6541 2.5623 2.4439 2.3087 2.2202 2.1340 2.0559 2.0113 2.0007 2.0000 2.0000 2.0000 2.0000 2.0000 2.0000 2.0000 2.0000 2.0000 2.0000 2.0000 2.0000 2.0000 2.0000 2.0000 2.0000 2.0000 2.0000 2.0000 2.0000 2.0000 2.0000 2.0000 2.0000 2.0000 2.0000 2.0000 2.0000 2.0000 2.0000 2.0000
2.0000 2.0000 2.0000 2.0000 2.0000 2.0000 2.0000 2.0000 2.0000 2.0000 2.0000 2.0000 2.0000 2.0000 2.0000 2.0000 2.0000 2.0000 2.0000 2.0000 2.0000 2.0000 2.0000 2.0000 2.0000 2.0000 2.0000 2.0000 2.0000 2.0000 2.0000 2.0001 2.0023 2.0214 2.0715 2.1390 2.2003 2.2363 2.2436 2.2437 2.2437 2.2437 2.2437 2.2437 2.2437 2.2437 2.2437 2.2437 2.2437 2.2437 2.2437 2.2437 2.2437 2.2437 2.2437 2.2437 2.2437 2.2437 2.2437 2.2532 2.3009 2.3247 2.3281 2.3839 2.4754 2.5202 2.5257 2.5257 2.5202 2.4755 2.3966 2.3240 2.2592 2.2009 2.1390 2.0726 2.0337 2.0123 2.0020 2.0001 2.0000 2.0000 2.0000 2.0000 2.0000 2.0000 2.0000 2.0000 2.0000 2.0000 2.0000 2.0000 2.0000 2.0000 2.0000 2.0000 2.0000 2.0000 2.0000 2.0000 2.0000 2.0000 2.0000 2.0000 2.0000 2.0000 2.0000 2.0000 2.0000 2.0000 2.0000 2.0000
2.0000 2.0000 2.0000 2.0000 2.0000 2.0000 2.0000 2.0000 2.0000 2.0000 2.0000 2.0000 2.0000 2.0000 2.0000 2.0000 2.0000 2.0000 2.0000 2.0000 2.0000 2.0000 2.0000 2.0000 2.0000 2.0000 2.0000 2.0000 2.0000 2.0000 2.0000 2.0000 2.0000 2.0003 2.0029 2.0120 2.0255 2.0355 2.0377 2.0377 2.0377 2.0377 2.0377 2.0377 2.0377 2.0377 2.0377 2.0377 2.0377 2.0377 2.0377 2.0377 2.0377 2.0377 2.0377 2.0377 2.0377 2.0377 2.0377 2.0423 2.0603 2.0693 2.0718 2.1035 2.1477 2.1702 2.1731 2.1731 2.1702 2.1477 2.1068 2.0723 2.0455 2.0259 2.0120 2.0030 2.0004 2.0000 2.0000 2.0000 2.0000 2.0000 2.0000 2.0000 2.0000 2.0000 2.0000 2.0000 2.0000 2.0000 2.0000 2.0000 2.0000 2.0000 2.0000 2.0000 2.0000 2.0000 2.0000 2.0000 2.0000 2.0000 2.0000 2.0000 2.0000 2.0000 2.0000 2.0000 2.0000 2.0000 2.0000 2.0000
2.0000 2.0000 2.0000 2.0000 2.0000 2.0000 2.0000 2.0000 2.0000 2.0000 2.0000 2.0000 2.0000 2.0000 2.0000 2.0000 2.0000 2.0000 2.0000 2.0000 2.0000 2.0000 2.0000 2.0000 2.0000 2.0000 2.0000 2.0000 2.0000 2.0000 2.0000 2.0000 2.0000 2.0000 2.0000 2.0000 2.0002 2.0004 2.0004 2.0004 2.0004 2.0004 2.0004 2.0004 2.0004 2.0004 2.0004 2.0004 2.0004 2.0004 2.0004 2.0004 2.0004 2.0004 2.0004 2.0004 2.0004 2.0004 2.0004 2.0006 2.0014 2.0019 2.0021 2.0057 2.0123 2.0167 2.0173 2.0173 2.0167 2.0123 2.0059 2.0023 2.0007 2.0002 2.0000 2.0000 2.0000 2.0000 2.0000 2.0000 2.0000 2.0000 2.0000 2.0000 2.0000 2.0000 2.0000 2.0000 2.0000 2.0000 2.0000 2.0000 2.0000 2.0000 2.0000 2.0000 2.0000 2.0000 2.0000 2.0000 2.0000 2.0000 2.0000 2.0000 2.0000 2.0000 2.0000 2.0000 2.0000 2.0000 2.0000 2.0000
2.0000 2.0000 2.0000 2.0000 2.0000 2.0000 2.0000 2.0000 2.0000 2.0000 2.0000 2.0000 2.0000 2.0000 2.0000 2.0000 2.0000 2.0000 2.0000 2.0000 2.0000 2.0000 2.0000 2.0000 2.0000 2.0000 2.0000 2.0000 2.0000 2.0000 2.0000 2.0000 2.0000 2.0000 2.0000 2.0000 2.0000 2.0000 2.0000 2.0000 2.0000 2.0000 2.0000 2.0000 2.0000 2.0000 2.0000 2.0000 2.0000 2.0000 2.0000 2.0000 2.0000 2.0000 2.0000 2.0000 2.0000 2.0000 2.0000 2.0000 2.0000 2.0000 2.0000 2.0000 2.0000 2.0001 2.0001 2.0001 2.0001 2.0000 2.0000 2.0000 2.0000 2.0000 2.0000 2.0000 2.0000 2.0000 2.0000 2.0000 2.0000 2.0000 2.0000 2.0000 2.0000 2.0000 2.0000 2.0000 2.0000 2.0000 2.0000 2.0000 2.0000 2.0000 2.0000 2.0000 2.0000 2.0000 2.0000 2.0000 2.0000 2.0000 2.0000 2.0000 2.0000 2.0000 2.0000 2.0000 2.0000 2.0000 2.0000 2.0000
2.0000 2.0000 2.0000 2.0000 2.0000 2.0000 2.0000 2.0000 2.0000 2.0000 2.0000 2.0000 2.0000 2.0000 2.0000 2.0000 2.0000 2.0000 2.0000 2.0000 2.0000 2.0000 2.0000 2.0000 2.0000 2.0000 2.0000 2.0000 2.0000 2.0000 2.0000 2.0000 2.0000 2.0000 2.0000 2.0000 2.0000 2.0000 2.0000 2.0000 2.0000 2.0000 2.0000 2.0000 2.0000 2.0000 2.0000 2.0000 2.0000 2.0000 2.0000 2.0000 2.0000 2.0000 2.0000 2.0000 2.0000 2.0000 2.0000 2.0000 2.0000 2.0000 2.0000 2.0000 2.0000 2.0000 2.0000 2.0000 2.0000 2.0000 2.0000 2.0000 2.0000 2.0000 2.0000 2.0000 2.0000 2.0000 2.0000 2.0000 2.0000 2.0000 2.0000 2.0000 2.0000 2.0000 2.0000 2.0000 2.0000 2.0000 2.0000 2.0000 2.0000 2.0000 2.0000 2.0000 2.0000 2.0000 2.0000 2.0000 2.0000 2.0000 2.0000 2.0000 2.0000 2.0000 2.0000 2.0000 2.0000 2.0000 2.0000 2.0000
2.0000 2.0000 2.0000 2.0000 2.0000 2.0000 2.0000 2.0000 2.0000 2.0000 2.0000 2.0000 2.0000 2.0000 2.0000 2.0000 2.0000 2.0000 2.0000 2.0000 2.0000 2.0000 2.0000 2.0000 2.0000 2.0000 2.0000 2.0000 2.0000 2.0000 2.0000 2.0000 2.0000 2.0000 2.0000 2.0000 2.0000 2.0000 2.0000 2.0000 2.0000 2.0000 2.0000 2.0000 2.0000 2.0000 2.0000 2.0000 2.0000 2.0000 2.0000 2.0000 2.0000 2.0000 2.0000 2.0000 2.0000 2.0000 2.0000 2.0000 2.0000 2.0000 2.0000 2.0000 2.0000 2.0000 2.0000 2.0000 2.0000 2.0000 2.0000 2.0000 2.0000 2.0000 2.0000 2.0000 2.0000 2.0000 2.0000 2.0000 2.0000 2.0000 2.0000 2.0000 2.0000 2.0000 2.0000 2.0000 2.0000 2.0000 2.0000 2.0000 2.0000 2.0000 2.0000 2.0000 2.0000 2.0000 2.0000 2.0000 2.0000 2.0000 2.0000 2.0000 2.0000 2.0000 2.0000 2.0000 2.0000 2.0000 2.0000 2.0000
2.0000 2.0000 2.0000 2.0000 2.0000 2.0000 2.0000 2.0000 2.0000 2.0000 2.0000 2.0000 2.0000 2.0000 2.0000 2.0000 2.0000 2.0000 2.0000 2.0000 2.0000 2.0000 2.0000 2.0000 2.0000 2.0000 2.0000 2.0000 2.0000 2.0000 2.0000 2.0000 2.0000 2.0000 2.0000 2.0000 2.0000 2.0000 2.0000 2.0000 2.0000 2.0000 2.0000 2.0000 2.0000 2.0000 2.0000 2.0000 2.0000 2.0000 2.0000 2.0000 2.0000 2.0000 2.0000 2.0000 2.0000 2.0000 2.0000 2.0000 2.0000 2.0000 2.0000 2.0000 2.0000 2.0000 2.0000 2.0000 2.0000 2.0000 2.0000 2.0000 2.0000 2.0000 2.0000 2.0000 2.0000 2.0000 2.0000 2.0000 2.0000 2.0000 2.0000 2.0000 2.0000 2.0000 2.0000 2.0000 2.0000 2.0000 2.0000 2.0000 2.0000 2.0000 2.0000 2.0000 2.0000 2.0000 2.0000 2.0000 2.0000 2.0000 2.0000 2.0000 2.0000 2.0000 2.0000 2.0000 2.0000 2.0000 2.0000 2.0000
2.0000 2.0000 2.0000 2.0000 2.0000 2.0000 2.0000 2.0000 2.0000 2.0000 2.0000 2.0000 2.0000 2.0000 2.0000 2.0000 2.0000 2.0000 2.0000 2.0000 2.0000 2.0000 2.0000 2.0000 2.0000 2.0000 2.0000 2.0000 2.0000 2.0000 2.0000 2.0000 2.0000 2.0000 2.0000 2.0000 2.0000 2.0000 2.0000 2.0000 2.0000 2.0000 2.0000 2.0000 2.0000 2.0000 2.0000 2.0000 2.0000 2.0000 2.0000 2.0000 2.0000 2.0000 2.0000 2.0000 2.0000 2.0000 2.0000 2.0000 2.0000 2.0000 2.0000 2.0000 2.0000 2.0000 2.0000 2.0000 2.0000 2.0000 2.0000 2.0000 2.0000 2.0000 2.0000 2.0000 2.0000 2.0000 2.0000 2.0000 2.0000 2.0000 2.0000 2.0000 2.0000 2.0000 2.0000 2.0000 2.0000 2.0000 2.0000 2.0000 2.0000 2.0000 2.0000 2.0000 2.0000 2.0000 2.0000 2.0000 2.0000 2.0000 2.0000 2.0000 2.0000 2.0000 2.0000 2.0000 2.0000 2.0000 2.0000 2.0000
